x_m,y_m,theta_rad,kappa_1pm,v_mps
-3.1767114354150507,2.556277889421665,-2.4580908231582286,0.034962834565883456,12.0
-3.701227282321227,2.99378007158861,-2.456798540782452,-0.031099628525949753,12.0
-4.223744196163409,3.411307288388155,-2.451029083186072,0.0479882799518752,12.0
-4.743286287292399,3.8548167642345383,-2.4384525011555076,-0.010164310793031298,12.0
-5.265915399088222,4.294725142109385,-2.4554228720243922,-0.04036365169399062,12.0
-5.78918901060441,4.711324368776175,-2.4544452314178984,0.043228211004766454,12.0
-6.3109377874817625,5.152219998249311,-2.4507552450313144,-0.03219640102450885,12.0
-6.831059070341055,5.572685141238264,-2.450439840307469,0.03312360263022747,12.0
-7.352473147933331,6.013857244854165,-2.441272319552226,-0.0055897839443043214,12.0
-7.875665178673401,6.4531169038559,-2.4550417073176147,-0.03546558377344028,12.0
-8.398070583876404,6.870780871329394,-2.456699510042764,0.030617175204868466,12.0
-8.922613340272747,7.308250052547333,-2.4566927170096053,-0.030596866429094725,12.0
-9.445012942379925,7.725921136754312,-2.4545003289088947,0.037014366512659526,12.0
-9.96768279729794,8.165687185203677,-2.4544757620960644,-0.03694092332397009,12.0
-10.490061412493816,8.583384007095969,-2.450126685306542,0.04967605992213758,12.0
-11.008914325135649,9.027622443044795,-2.4391321285843253,-0.01644726393195851,12.0
-11.532819494317728,9.466082131067477,-2.456940761670571,-0.03645461353867593,12.0
-12.056170693326585,9.882586206883282,-2.454302976523043,0.04418174893570657,12.0
-12.577720357261875,10.323726022181066,-2.45741609830702,-0.05348547865143015,12.0
-13.103731015724854,10.736968620901369,-2.458194923696431,0.051206560226760116,12.0
-13.625946007764774,11.177292498821036,-2.451308762996984,-0.030622462348086413,12.0
-14.146073949791194,11.597749475217714,-2.452795159797714,0.02626988508977167,12.0
-14.669592378961141,12.036543755213525,-2.4394643998718744,0.01330926564573701,12.0
-15.189118952576678,12.480095728382185,-2.4522691917625856,-0.05188059903456566,12.0
-15.712722207990566,12.896290690182145,-2.4551258218280307,0.04351917374459222,12.0
-16.23472275406197,13.33687755786595,-2.4567245072731825,-0.04829729121024794,12.0
-16.75969172401532,13.751397650480573,-2.4574939246129035,0.046044674674976145,12.0
-17.282360789840233,14.191187593589913,-2.4496403561275977,-0.02253355667283191,12.0
-17.801343034508996,14.614534477428695,-2.4523097674466716,0.01474023177881237,12.0
-18.325525838237766,15.050892478563608,-2.4456604426431467,0.005016107019417484,12.0
-18.8490065229241,15.489708978335191,-2.4535174310085037,-0.02861020668527834,12.0
-19.369777506855513,15.909377348445215,-2.457338708288108,0.017423776579346715,12.0
-19.896500733264823,16.34417247009304,-2.455566290714228,-0.012123836842794375,12.0
-20.415757589966482,16.76569771802532,-2.4465927482826015,0.038391964053026195,12.0
-20.934796559564305,17.209879385541758,-2.446479896534962,-0.03770356833877828,12.0
-21.458738183287544,17.635510228870974,-2.4583302483247134,0.0030388780015491025,12.0
-21.983149200839264,18.063313358769978,-2.450292858528357,0.020530243088070072,12.0
-22.506354113562722,18.50243717919687,-2.4532091824012228,-0.02949507601910304,12.0
-23.02712246195275,18.922108781451637,-2.4509657982694253,0.03606152254254765,12.0
-23.548404050827997,19.363577355537917,-2.4538094210803645,-0.04456269496234658,12.0
-24.07160168967463,19.78026975268762,-2.4585384358022915,0.03072102912814251,12.0
-24.596923154005566,20.216783951084206,-2.4592256758572346,-0.03277544785540703,12.0
-25.12070788327447,20.632756359078886,-2.454676060997979,0.04608961541245499,12.0
-25.642168871965218,21.07405841273889,-2.4491645950198704,-0.02933343767193289,12.0
-26.16613388989264,21.499860196930857,-2.4559286069582345,0.009622403564773658,12.0
-26.68843233836347,21.929977820613804,-2.447297716738761,0.015759922933472423,12.0
-27.211034876004504,22.369826364393663,-2.452895548068642,-0.03268255759779312,12.0
-27.73213082766263,22.789096204345338,-2.4513882774037947,0.037093908587915274,12.0
-28.253445739519375,23.23052391217937,-2.4558221451285056,-0.050347628057997765,12.0
-28.77832948053571,23.645148526871036,-2.4568389929450305,0.04737215779017395,12.0
-29.300513057398028,24.08551093137248,-2.455374062580224,-0.04299376091726439,12.0
-29.82414534801617,24.5016702853148,-2.4553777086108077,0.04298218837692319,12.0
-30.346343135066878,24.942037957142315,-2.4513308362342388,-0.030583859612619377,12.0
-30.871572216171085,25.36661063441419,-2.4547563655037288,0.020757890237063252,12.0
-31.391579135072426,25.79916405842314,-2.44786096959629,-0.00033453318367616453,12.0
-31.916816130914086,26.235865940378748,-2.457281732559632,-0.02783213345465644,12.0
-32.43906585117636,26.653720834947425,-2.4570627597827612,0.028475372208164124,12.0
-32.96407460639729,27.0906185299219,-2.4462336726795044,0.003906171107678649,12.0
-33.477072940934995,27.519819031807597,-2.4457572771319835,-0.0025114155688356846,12.0
-34.001624352441766,27.957173863566485,-2.44770387009585,-0.003251536360118795,12.0
-34.525421517729285,28.391934900918525,-2.4520988031668667,-0.009788524427426195,12.0
-35.04464984891928,28.81713329505534,-2.4487898542233033,0.019440114041733472,12.0
-35.56747320745028,29.25689933900013,-2.4478053393714214,-0.016389000828017884,12.0
-36.08954346077391,29.68619561264676,-2.4560975236185745,-0.007971615795583845,12.0
-36.61388050106051,30.112641400697303,-2.4452805764834658,0.03955326965285964,12.0
-37.13212078507961,30.557793962905027,-2.44610159335626,-0.042425011740005375,11.986929137264061
-37.651752535792966,30.978859452659545,-2.4499202881570135,0.03125356772853053,11.687948192618094
-38.17321194926872,31.419975214569707,-2.4427377315636396,-0.009570471983457136,11.285790318265452
-38.697623932786456,31.857739505217797,-2.454803744038911,-0.026307784088087587,10.853822334197494
-39.218606449146066,32.277148458637555,-2.45162289200994,0.035621717495713696,10.413544624635188
-39.74023522803441,32.71819124985517,-2.4526007783143267,-0.038545362230744416,9.943772776339486
-40.26205314891907,33.13657568954538,-2.467235403283859,-0.004303181759442218,9.461233278049233
-40.796184159790656,33.56228613824793,-2.477551408530252,-0.026534206394317687,8.941619701093265
-41.32681677318126,33.969860517394764,-2.465687989494982,0.06117966088823874,8.401501993484558
-41.85160735055299,34.40864084800772,-2.421600503490698,0.06906170926849234,7.8196283598653595
-42.35506965801856,34.871693834927314,-2.3666548067962867,0.08933925529132769,7.181908210654405
-42.84086376724302,35.377414899031834,-2.291172536368757,0.13179623163672466,6.47349792900418
-43.266457840583215,35.91003627731686,-2.17787494797655,0.20765044125994547,5.744429840172518
-43.59662062845632,36.46549352303839,-2.0066444530103897,0.3075632258981698,5.051397994390662
-43.81226474296053,37.082004132668956,-1.766400139571838,0.4176648585089148,4.334759521437477
-43.85218799290175,37.755343696563145,-1.4378622314314975,0.5935071641493102,3.6363539431416037
-43.64037372656701,38.3674328147428,-1.048391012614655,0.5888109175085656,3.6389191160850216
-43.21982656931311,38.85365086143693,-0.7081307049574312,0.46897254720394305,3.7936241592568534
-42.67851385135292,39.19105761747113,-0.443699090544499,0.34634470568057085,4.415251741959969
-42.05817954696173,39.40579024917743,-0.24958982436791477,0.2520587697357159,4.974538840037444
-41.40361999895558,39.51603449620775,-0.10600122118418302,0.17912168281501228,5.4823594616354185
-40.724851526285484,39.54765639430396,-0.07054903591848999,-0.07088594638723611,5.957541653424164
-40.05086246302665,39.61162888524392,-0.04842988665967576,0.13188373259587907,6.395971287210684
-39.35021569041002,39.614281949236755,0.004837215487372323,0.024625592213691608,6.8200925999508275
-38.649886663535696,39.60485201055252,0.03804168627448626,0.07260376121821788,7.219196850123012
-37.9742166409165,39.561911359597374,0.08091996079986954,0.05158777872256839,7.585055590971012
-37.30087013777654,39.495450753928296,0.06720406405245857,-0.08908104485389937,7.933852526317174
-36.6013355779534,39.46950902258912,0.06792565303652659,0.09137057401947248,8.279259579631336
-35.929244495380544,39.40213863152678,0.12495169997836111,0.0759870598080813,8.599407721121382
-35.27750238183616,39.303227531887,0.14075803123900238,-0.029147144866228,8.900755748145835
-34.606962473818754,39.21477779756715,0.1480894091981116,0.05135728328149072,9.19968694491747
-33.95634231323717,39.106134828252635,0.17093448792211013,0.016496744465037426,9.48215527575677
-33.302592093559156,38.98961868637798,0.18517189935172435,0.026665187761735872,9.758262473143407
-32.65519428748952,38.86240668671827,0.20495950273341249,0.03327694485144556,10.025064054641897
-32.01330048684,38.72160259155366,0.2222442836404436,0.019281210244121456,10.283926967256342
-31.37609645586388,38.573359843530795,0.2487462068723061,0.0615992280626331,10.535317768224216
-30.74485946828917,38.399409937112836,0.28530029424538145,0.050445755551430244,10.772117896897939
-30.123881853569348,38.206083169982364,0.31919615618061303,0.05344993475045232,11.010973112392215
-29.51001601015051,37.99129723472912,0.35047203303961694,0.04291797105687042,11.244749225926832
-28.90504232004654,37.7605199040367,0.37767413010429096,0.041005136771207554,11.47276578836566
-28.30771983596092,37.51432433737001,0.40884341141362207,0.0552781867211386,11.695850315402257
-27.71835507681115,37.24637956062165,0.4435451475989737,0.05195701865163132,11.811552607134644
-27.137442791342217,36.958303876501645,0.47768820724196,0.05312493143146569,11.975542990029918
-26.56349462831568,36.64853602289624,0.5114863101725876,0.050825579770720566,12.0
-26.000123665994117,36.31991335518521,0.544773167629212,0.050716267801656265,12.0
-25.44219335835809,35.96909861945849,0.578638611031974,0.05263870436701461,12.0
-24.897369182840933,35.59956719510967,0.6043272701237054,0.024925239907686483,12.0
-24.34965600901105,35.2146924788873,0.6298335320242213,0.05170677106521394,12.0
-23.815736940434213,34.811208939075954,0.6614975799495791,0.04289144807400161,12.0
-23.293429105009423,34.392412084119925,0.671127447153428,-0.01411896506368788,12.0
-22.767621269162085,33.978909796903466,0.6816684942861269,0.04469856436747796,12.0
-22.243659242101657,33.54060290460676,0.6940672940363031,-0.007523740063289775,12.0
-21.72128051678594,33.108148134031765,0.6877552184733877,-0.011111928811470616,12.0
-21.19923129851386,32.68253307789166,0.6948657763628926,0.03184318012157717,12.0
-20.67912419122515,32.239459355988885,0.6999964753291272,-0.01661000631918058,12.0
-20.161544917466124,31.808508148869212,0.6914576924966906,-0.008447264767941167,12.0
-19.637896611992048,31.377541888554948,0.688977380659811,0.001066734415583981,12.0
-19.110804368554447,30.943098954214253,0.6874556110444897,-0.005631708109901478,12.0
-18.59302948960474,30.519635468184983,0.7004562054271629,0.04369674221954275,12.0
-18.077279264937843,30.07176645350022,0.7083404468503468,-0.01969955803624981,12.0
-17.555410034019843,29.630761709213726,0.6850312425830806,-0.04957752437248615,12.0
-17.030323386096903,29.21638593314503,0.6848273576630193,0.048992698353678185,12.0
-16.50840567340631,28.775697481218717,0.6869473058984876,-0.042656572170200566,12.0
-15.985130042639788,28.359100730896767,0.6884998132104193,0.047199509718558776,12.0
-15.464539480465177,27.91678648715524,0.6897072268738251,-0.0432456443526118,12.0
-14.938183681557042,27.495533285772193,0.6804726361520861,0.016337499542037056,12.0
-14.413733636346507,27.06621865011107,0.6962057186945813,0.029942043289905074,12.0
-13.89411390121463,26.622875875780093,0.6934251189412255,-0.038657438039052666,12.0
-13.374153961390327,26.20221286678782,0.6894098969605372,0.02690054746005602,11.744159972484443
-12.851024314689333,25.763010692462007,0.6929372135022139,-0.016352641450991637,11.329719028059825
-12.334077814595979,25.33865209614059,0.6926044856797249,0.015382885055918592,10.908671738078207
-11.810812105803805,24.89992149532237,0.696422274308313,-0.0038810925308807457,10.461316505587291
-11.285889165251398,24.46216640427443,0.7002212787624333,0.015078400168345234,9.993504343743552
-10.768414699700806,24.021527896457645,0.7180396141008504,0.03766844875714162,9.50551648973559
-10.267690824828605,23.57266279535224,0.7228465732278194,-0.023388252672706656,8.996687430724323
-9.751509845187918,23.12449902697065,0.6886069634706556,-0.07868136296332577,8.448085129187204
-9.222567639714029,22.71252970766891,0.6277890727998484,-0.10120656712618005,7.951828101572567
-8.66694085723529,22.337390546314754,0.5542155131503018,-0.12040214733422827,7.479638478158115
-8.093416642521952,22.01367512816616,0.4642061836424369,-0.1548694725659297,7.011180869507415
-7.506192492663217,21.756205681778926,0.3578337298229154,-0.17395103222154232,6.65230428171503
-6.898339995661779,21.566798113047152,0.23629136833353837,-0.1956420066733168,6.2749103436077895
-6.2361225912587415,21.45038615843706,0.09451361083868874,-0.2334238594067514,5.79791687983485
-5.555058614160352,21.43946035143807,-0.08054117170676156,-0.28604349067234236,5.237966342190393
-4.89041852075853,21.559005710023488,-0.269478680505188,-0.28016296186892836,5.240641094334009
-4.279901885184337,21.791654772167607,-0.4420930377108538,-0.23895604379811358,5.429798830415053
-3.7133164536419585,22.11617517854155,-0.5938721316634189,-0.2246084573645498,5.8308243401738515
-3.197661497490735,22.522359973279638,-0.7370923186313622,-0.21542570424293073,6.031181677431136
-2.7492232321377585,22.991351747320156,-0.8835766892754543,-0.23449069229740008,5.785165221954571
-2.378357605105812,23.520692299937938,-1.0422060453017352,-0.2532416839420379,5.566869535571319
-2.0966926385997056,24.108651013712734,-1.204489963368322,-0.24579573730007623,5.569451816281709
-1.9119110979509415,24.73660023460818,-1.3547853760475193,-0.2113393678866759,5.783979285764988
-1.8147463682232754,25.393527054320234,-1.485065818827074,-0.18072057822522555,6.162668602593098
-1.7973498406018038,26.069619926821,-1.6004625882708456,-0.1643648985277212,6.567056993551331
-1.854737945672241,26.741180676586286,-1.7046131861778342,-0.14474921248495942,6.904107366662317
-1.9765962099588705,27.401105152441172,-1.7936815234222465,-0.12623987599522313,7.258506704835498
-2.1439163669555086,28.017056811242643,-1.8720056088657102,-0.11144018108995718,7.602111808573879
-2.3572030564933044,28.62625390361298,-1.9394607189313349,-0.09791894685878869,7.934465633780881
-2.6110160224741747,29.226133952354257,-2.0027870014870164,-0.09743571528720048,8.256310882279644
-2.9022870089408954,29.8085649654486,-2.060474191235588,-0.07990169651079107,8.5659961032504
-3.222654456160633,30.37372827410292,-2.0959810285904683,-0.0290843451143361,8.864168752106428
-3.555188200657412,30.93529253195157,-2.0796088587672994,0.07969630468691892,9.15393749889185
-3.8560084622196626,31.509176752267937,-2.058511327571305,-0.015079623719266156,9.432823093837795
-4.163903087242623,32.08282252106606,-2.063247570813525,0.00045803360144197115,9.704976386810506
-4.471744006120318,32.65677899094227,-2.0620516912594935,0.0032163549616720894,9.96980285386368
-4.778198216916145,33.231033966765494,-2.0490754007973355,0.036861311064515394,9.728611874520425
-5.069172842608893,33.80917003586487,-2.052208994874349,-0.04645428575279604,9.25119773593292
-5.379439387510111,34.38193803925212,-2.0861302004350235,-0.058015927184076124,8.74457165847453
-5.710979523545014,34.94233834036213,-2.0980337257403163,0.021435070636085664,8.222880103590152
-6.035304081663398,35.50844297586096,-2.055446934293072,0.10947500989516817,7.64733812580451
-6.3176397012111565,36.09450990587253,-1.9730549495925807,0.14365318504574356,7.166451702335145
-6.54386197718064,36.70376129484262,-1.8708615442968155,0.1706036830663865,6.7672752527542706
-6.7013511680470685,37.33465827805068,-1.7533803804178816,0.1900142932820149,6.426658441622722
-6.780050401038601,37.98294185886863,-1.6305104111265845,0.1922094680290518,6.389854645646433
-6.778113154298829,38.61862213408884,-1.50886194478465,0.17748286124205506,6.392372607363412
-6.699767369770505,39.27754351162832,-1.402328291388839,0.15640688832308683,6.696453844859371
-6.559667266714925,39.9029925516228,-1.3035461518440536,0.14449050790093587,7.025412435977122
-6.359483274194119,40.52036374732968,-1.2143780243135454,0.13146331553420104,7.321802874508472
-6.106101526619192,41.12121001610913,-1.1339843754746923,0.11653109270064878,7.623122481510694
-5.810039506635839,41.697175720568765,-1.06432883416155,0.09706693597828239,7.952950602969394
-5.475815840585433,42.25741249169421,-1.0554504336009682,-0.06964417135024628,8.274556525270047
-5.169520883092531,42.828038144634036,-1.0736948432638977,0.013718080631463845,8.58192055429323
-4.856054722411727,43.39973483702336,-1.0830311446941205,-0.042391383838972306,8.88061509476168
-4.559367354563541,43.978140797591834,-1.1045305363768796,-0.023702429987829527,9.168740227510588
-4.2725128765090545,44.559219212158425,-1.08833857840654,0.07327671312270073,9.44722207097026
-3.9562834861668037,45.129638336361296,-1.0863717038552265,-0.06707772575125444,9.719449147460717
-3.666559289648724,45.71067994998265,-1.101573592439938,0.020573517415608058,9.983077631740125
-3.369385685537239,46.28725403590303,-1.0835596503177924,0.034761057251096635,10.239680538587661
-3.057571129965986,46.86005281336274,-1.089602065331619,-0.05340180104629017,10.491349958789936
-2.767462430620057,47.44007719633183,-1.1017230800396423,0.016300446572566126,10.735765695863721
-2.470849304529729,48.017750473374946,-1.0842716836454074,0.03731122913408055,10.975046786325562
-2.15898466132154,48.59046598772487,-1.0903640251971707,-0.05620686969230737,11.210201825834602
-1.8701513623659736,49.17036663070981,-1.096907803678232,0.036252889422142456,11.406156017812151
-1.566729647115828,49.745257503011544,-1.0843386073935712,0.0025337750313927736,11.631886798222524
-1.261457079078241,50.321351129410516,-1.0974766678667687,-0.04314296196724566,11.853970382979986
-0.9745545690621213,50.90151252353206,-1.0968153952883761,0.04524304522556517,12.0
-0.6689939324869485,51.476285621182384,-1.0795949865536871,0.007921847551757554,12.0
-0.36037178631172395,52.04966309611821,-1.089895939195146,-0.03980176968039452,12.0
-0.06846449787825293,52.62726358399411,-1.0938633803246816,0.027598063095995985,12.0
0.23580668108828462,53.203440679876124,-1.0917685799283883,-0.021012252156646042,12.0
0.5317310815684237,53.78287324913538,-1.0845493027029314,0.0432047170933314,12.0
0.8440487350630406,54.35415665995559,-1.0834902760761764,-0.04008498524706516,12.0
1.1401689186903567,54.93101492210977,-1.0906105096205252,0.018258141729573116,12.0
1.4435924343431523,55.505250253346205,-1.0956071552936555,-0.033518627269180076,12.0
1.73526676011317,56.08764218382625,-1.0910997803781533,0.0474278692629223,12.0
2.0436780687414355,56.65876151901345,-1.076226272586612,-0.001755869985506934,12.0
2.352881987635854,57.23291643168696,-1.08502671261431,-0.025402469670544513,12.0
2.6506766113316473,57.80845312176035,-1.084899030784309,0.025838275953378283,12.0
2.9595055083735176,58.38154248545662,-1.0844702184714046,-0.02440245516969382,12.0
3.2591893053220105,58.959460783716125,-1.0844482839915304,0.024460983365378466,12.0
3.5681535380688914,59.53274502326691,-1.0934308275640345,-0.052360609738326826,12.0
3.855671695230072,60.11260322282391,-1.0946407597151662,0.048619338451379335,12.0
4.163408583218171,60.68693468254929,-1.0824151802700106,-0.01078706888297692,12.0
4.466581951262924,61.26242095975013,-1.0886791292932478,-0.008493491658005257,12.0
4.765197433226589,61.8369122695763,-1.0891109947855455,0.0071500600335299746,12.0
5.068530337925111,62.41391365860363,-1.0874614380799672,-0.0020470985481358325,12.0
5.3701532803411,62.98952308261802,-1.083845652683257,0.013154411863342435,12.0
5.677323768876477,63.563713763537095,-1.0867909763169703,-0.022254318442109074,12.0
5.975068228898905,64.14018052928331,-1.0911532655365757,0.008844199931684997,12.0
6.277641982930632,64.71782286800945,-1.0940177272489355,-0.017693655523089206,12.0
6.571739510755009,65.29534900140924,-1.1042869536070015,-0.013855030102484142,12.0
6.861315002628913,65.876864741144,-1.0925079103172608,0.05016542407048032,12.0
7.169184277065625,66.44774442487125,-1.0814421664402851,-0.01606316141319409,12.0
7.472198592016085,67.02393720120585,-1.0717569612278188,0.04573776052127251,12.0
7.792378698450392,67.59110334036352,-1.0480585770067259,0.02710514062587575,12.0
8.121901518732841,68.15149666668852,-1.0240358335257806,0.04576321959131322,12.0
8.475588089815858,68.71359041184233,-0.9934339647730753,0.04755489617526467,12.0
8.84530148041037,69.26201905862764,-0.9763265547749308,0.003999215367214058,11.790711141971803
9.214771831304617,69.80697869442157,-0.9738353944358489,0.003545542378541524,11.39312433675966
9.585962188905484,70.35173146689229,-0.9627036062445948,0.02982743181325724,10.980644521142544
9.973050790035728,70.89632899002653,-0.9455118810597518,0.02199359237015076,10.546111038209753
10.368815720502411,71.43614073735759,-0.9206402206719111,0.05236180217616354,10.09205566369126
10.78325375271055,71.96175362506645,-0.8876082482728944,0.046349809141129114,9.67712088627522
11.213676240515753,72.47411937123032,-0.8466728680080131,0.07463499199176697,9.194919000133869
11.677604003239551,72.97301608743619,-0.8007492590731523,0.059928210283286515,8.79187043719861
12.174536765019099,73.46494273551859,-0.7723470328092513,0.022795249543753563,8.240928630079482
12.680459919844154,73.95003098430544,-0.7924431009530716,-0.08005251174370999,7.6223503207743475
13.158566439671574,74.46293586809001,-0.8691985623830452,-0.13884265934541024,6.966926071075481
13.584749370786753,75.02016642938557,-0.9791958834559413,-0.18951065296783243,6.399018235888812
13.909193889658297,75.58014704783686,-1.1141499753580364,-0.21877837939938186,5.98930326858454
14.14479232729947,76.16013611505134,-1.253553338473377,-0.2096914218273619,5.99178290714661
14.307699277380507,76.79387246625801,-1.384784721882335,-0.1947014023975737,6.2292320710301015
14.389911202045425,77.46266381777319,-1.5064921421050161,-0.17105408851150175,6.454919040855122
14.394437829249213,78.14089154229494,-1.6157303583221994,-0.15194881230238771,6.791378467779339
14.329013696271915,78.81701624959062,-1.7126253968261127,-0.1369355904779826,7.135910346978438
14.204958133581158,79.46789380344259,-1.795768972472057,-0.1109656611954405,7.462816174439298
14.034105917086663,80.10568648071808,-1.859275198486936,-0.08207315593105152,7.808704570857181
13.831841879798205,80.72520640039494,-1.8529596767796535,0.10228097315618508,8.13569198950722
13.670945070485658,81.35840579021912,-1.816771117155752,0.008732405994272302,8.448466266701901
13.513244975826737,81.99422025440953,-1.8014336807557905,0.037862608746057694,8.753126269478152
13.370461568478234,82.63806224921598,-1.8111846614985412,-0.06824297745777481,9.049480335174547
13.201745377738533,83.26498155298067,-1.814324819816125,0.058727027324182085,9.332035871664662
13.054971901277852,83.90784403553431,-1.8151192282676614,-0.061050038079854915,9.610521916802483
12.884932391091837,84.53577460329399,-1.8173100673070535,0.05452273583966105,9.877575630811442
12.735709473775216,85.17661301225475,-1.8143699025817714,-0.045324791399278246,10.140530687443357
12.568836509178325,85.80775123129395,-1.8162877139142735,0.03964155592040107,10.394853157423517
12.41775580368028,86.44566198249805,-1.8045308674312672,-0.0036098978199539606,10.644126613904165
12.26524011705088,87.08290497539704,-1.8171766475446205,-0.035100286710123975,10.887577905535258
12.098671527197865,87.71443827670987,-1.8160876667589485,0.038284736355614704,11.124944780904451
11.946962193920015,88.35432697289544,-1.8153297627731797,-0.03609482991472975,10.965959168997365
11.781927982396311,88.98381412125103,-1.8222901496432184,0.014889952574923919,10.558540000826522
11.620968931413103,89.62311032215624,-1.8282669994427903,-0.03333435193188261,10.112037381905498
11.448748910670403,90.24913902359113,-1.8310937185864034,0.024761945519129618,9.652113908603374
11.284227283498979,90.88744028525585,-1.822099139271716,0.0029447020455179596,9.161605800415234
11.123413014539452,91.51636809683667,-1.800259645782042,0.06320591812109955,8.651401710625406
10.986436513246261,92.16235326759005,-1.7525904311746516,0.08231702533697163,8.128418638813063
10.884837081789925,92.81422032847046,-1.6848571642496912,0.11943542067638965,7.605213161779122
10.834180780173511,93.49142367484768,-1.5990793779311203,0.1358427005125783,7.151768190712689
10.846363472546699,94.17416377187232,-1.494723607142125,0.17488544078743198,6.652739571834705
10.936509755708954,94.83397466038912,-1.3690844978551453,0.20045708295240808,6.2570224154431155
11.110984001583844,95.46819708321058,-1.2316165704130186,0.22301929528291445,5.9320841612551565
11.36526765713461,96.04922569740667,-1.0863422858253142,0.21599617746376024,5.934596351208995
11.71501646443241,96.61592528410752,-0.950077062736926,0.19783796050273414,6.147234032898908
12.149311288902553,97.14579725190967,-0.821991909504827,0.17699049612625967,6.407808351462097
12.658206387234827,97.6308001326879,-0.7052155734700624,0.16786517030148854,6.725008522070682
13.19230758574001,98.03364113532092,-0.5927054324964326,0.1632164127938372,6.920020900359264
13.75528442756955,98.36966141053009,-0.48370208068718185,0.16739237470829066,6.847158240462634
14.346490385835864,98.6399627097985,-0.37546051034003247,0.1644911369952412,6.849733199959288
14.96202211531579,98.84530736974526,-0.26251359572664484,0.18046243938357,6.594545697776945
15.607565984446225,98.97883241837783,-0.14368576509919498,0.17818587813941922,6.597156841094451
16.281702375364418,99.03624243933336,-0.030414327540906182,0.16887958239321205,6.719501719935871
16.927409924902975,99.01898696645425,0.08035694018516751,0.1592672355324524,6.895676778386317
17.59513993406715,98.9304708538314,0.18067985972039116,0.1502300360336019,7.09390497201311
18.228630331337826,98.78129044810689,0.2733642407325647,0.13127139094086052,7.284570838465088
18.838108172516357,98.58196313091184,0.3564883446797454,0.1248207772991819,7.596116272802554
19.43531501382742,98.33192234657315,0.43300276420360484,0.11170289064663173,7.857330591890487
20.01812584457312,98.03648769967673,0.5018158839505954,0.09935972456243825,8.162905337002403
20.583791574816303,97.70179613963175,0.5649392686023621,0.09279413109219818,8.478864117066456
21.13091907654892,97.33114182822894,0.6231765587871035,0.08300314675704074,8.785101004528919
21.662825280332896,96.92627792734872,0.643110749787775,-0.0226538085913956,9.084364642277011
22.195144685236087,96.53362154121635,0.6402713650544966,0.014232222111400933,9.371096175312235
22.726553108175096,96.13383717878855,0.66362714647949,0.05461917218019998,9.650773449782852
23.256758824279885,95.7035101332722,0.6898065231993741,0.02397627512975776,9.929769285649227
23.76920769792339,95.2736357898963,0.7026773576397004,0.013729398186142456,10.195652516015018
24.287940776137162,94.83022735659671,0.7280525336593986,0.05930754583166111,10.459955948205922
24.801577856574397,94.353364018627,0.767725067677847,0.055472661405882834,10.724628441028766
25.2962082344103,93.85698299285096,0.7932561372486796,0.017383799849576043,10.982880815843885
25.784801758202917,93.35456511303164,0.8013938001521161,0.005840773847032253,11.235222450394227
26.271366427497696,92.85011837871447,0.8055801052790326,0.00611216250130795,11.48203567099355
26.755256189369717,92.34412699481656,0.8155352631171525,0.02288418259214947,11.723401899634514
27.219339182900057,91.84321343650186,0.8291148243903818,0.01629459250097323,11.954119432374005
27.67825009929588,91.33668716446849,0.8440548059204644,0.027441243760869538,12.0
28.127513013662025,90.8217219254414,0.853367644265111,-0.00019071016657309266,12.0
28.576842968021282,90.30681532532081,0.8571133100132505,0.011152252220161947,12.0
29.022252407909733,89.78847950823744,0.8583703706713186,-0.007473327020262665,12.0
29.470289093782426,89.27244170498916,0.852316580063856,-0.010243200436203737,11.755790787973435
29.921926581837724,88.75955347101717,0.8445195003881915,-0.01257766479748692,11.341563657835795
30.377873343438708,88.25065752780273,0.8299459968452509,-0.029594481183125874,10.911701915558579
30.85171577043606,87.74300160385387,0.8256085475577909,0.01676146319087947,10.456726852203015
31.315880732040554,87.23401033962327,0.8406956946614662,0.027122465435862993,9.98494698955168
31.766870682119148,86.72059498168514,0.855397652822912,0.015686545065913583,9.493790659141691
32.21236578826884,86.20233409563406,0.8493441694026876,-0.03339850094918072,8.975756699745302
32.6696027940545,85.69434367834587,0.8242234493715388,-0.04014495740189491,8.425897224621
33.14023409448781,85.19946673669246,0.8011997993238497,-0.026562162288627084,7.838028253329125
33.63229502439164,84.70073613812998,0.8177465902704072,0.0748696038690949,7.185132493548144
34.08701671003061,84.18935973080663,0.8827057471556295,0.11325785385263193,6.484274429608496
34.50057920432231,83.64459775835708,0.9856155676545144,0.19738229681162933,5.7070327475983875
34.82229734166735,83.07966684685147,1.1556009238143297,0.3193729574332247,4.953971642943676
35.01892219921932,82.46874241370477,1.4160300572598363,0.44977020111458793,4.177184666576151
35.026221434435215,81.77257766724884,1.7038112090196398,0.44397912522292265,4.1799419844621655
34.84280612167261,81.15252744663681,1.9830120414779453,0.3885400254838192,4.360229154182636
34.51421044179065,80.60164595448855,2.2108171804106496,0.3004744953880844,4.734159585309068
34.05744944300157,80.09775744428292,2.2014356908422847,-0.30829770836704595,5.045377249649211
33.713164739411894,79.5044650187104,2.0037147128102526,-0.2997785731020793,5.048094126157392
33.512271009144214,78.91812093676283,1.8146092024116207,-0.2693962433121292,5.264189016026948
33.410024475327575,78.28586806205719,1.6552660288273984,-0.22800638047648142,5.550866122123614
33.40240115898449,77.62051467996748,1.5163215994551418,-0.20208769137304128,5.955428188331296
33.48162294229388,76.97282559769273,1.3931774420602332,-0.16972657284509796,6.29593826902017
33.63373582139606,76.33181849612453,1.288139511642374,-0.15202933350403997,6.701440548712804
33.847137714226406,75.71430906801734,1.2718636779244574,0.10271578269072248,7.0686647108167895
34.01976478697625,75.07915751288385,1.3368397254536621,0.09529408111376386,7.43179401190176
34.15245814250281,74.43317679429582,1.336480702046979,-0.09771099446960613,7.778644464623086
34.32346718369162,73.80684028648588,1.3346419829400848,0.09211026174088952,8.105640503842148
34.45855770103712,73.16117811453647,1.342921744450616,-0.06601342305649836,8.424877043294678
34.62040318359041,72.52640581176178,1.3183486429895908,-0.008572154496177199,8.730360438091576
34.78537683958879,71.89419579703932,1.330833653448215,0.0465199181612903,9.02475682436714
34.93191206307634,71.25326326102999,1.3273502324889974,-0.057389303905237776,9.311605526558614
35.10073287668591,70.62450478190036,1.3278019792950706,0.05858906817027574,9.587190564945086
35.24716283034522,69.98154062445701,1.329054162494599,-0.054896418613366395,9.858480765173397
35.41396063557772,69.35413370611036,1.3278429749988168,0.0512220660146558,10.06442138566581
35.56193840110306,68.71151199445693,1.3426970621270684,-0.005416008132374327,9.64730673480626
35.711093307338814,68.07415803607476,1.3501520474259627,0.02826744872125138,9.160048570548728
35.84827659646044,67.43490351794843,1.3459294183944779,-0.0409964720940061,8.645991579704884
36.003421147657406,66.79614005526898,1.3137071187557192,-0.05767948262305179,8.096325583170053
36.18128587760914,66.16826141843657,1.2603711115535887,-0.1056748852332105,7.510945022611122
36.40127597190579,65.5559303611692,1.1791795151155897,-0.14470067037929013,6.978868413980501
36.67550626744065,64.97144589250496,1.072140126489861,-0.18364919971169685,6.510080808964901
37.02124553200822,64.41745013274092,0.9414287846844139,-0.20961625946248433,6.118796052429149
37.45912903627975,63.89525755519669,0.7909108440481267,-0.236321980367873,5.762706745840716
37.98572011488645,63.442282815172476,0.637531204066814,-0.22558759265793848,5.765458007905305
38.53330164405722,63.09960341057695,0.4954019432584448,-0.19898025187283971,6.01929808138175
39.11567625529081,62.8317143173616,0.3746492501699734,-0.17374056002055602,6.340930837684557
39.73309667245272,62.627818166431666,0.2669400855864769,-0.1534700062700557,6.697646359087349
40.39513216700024,62.48182582827148,0.17271178674546797,-0.13449097371213498,7.0687381611541475
41.04911685893343,62.398238679707845,0.0864917933368553,-0.11956257026176716,7.432462405233895
41.72802026721399,62.36625361028584,0.06880149860715458,0.0641604770332884,7.789656536752491
42.40240326782198,62.3049833543691,0.11386899647728077,0.06958189763975517,8.12994672468749
43.06477772683806,62.21337706799255,0.14416706726182563,0.02021290071144057,8.452541980340662
43.72399813242539,62.11312182736707,0.12596545513392585,-0.07373618305320556,8.76241224934177
44.3975177915481,62.04460425742677,0.12015203602631191,0.056947892431098546,8.612560966559684
45.05032765753188,61.95298930681983,0.14195698926908756,0.007475867879548924,8.06565032199938
45.71964370308437,61.85564826817459,0.17773481238013805,0.10166486045970272,7.4555826335542985
46.36032348108084,61.71767437099602,0.2595469086417592,0.14528584212864906,6.890163749797252
46.982699151690895,61.52026101491826,0.3621050734596027,0.16993641745374763,6.383263519585263
47.57384604349531,61.25798221984647,0.492236160761244,0.2299360828470399,5.817038797456056
48.12170757291635,60.90945187522124,0.6641254066243613,0.28011289077705165,5.293125292748982
48.628809093066224,60.43222415343864,0.8479541969214527,0.27876528050033106,5.295883369085635
49.01921262964825,59.89199808436767,1.0261556063970863,0.25185962594102607,5.38096755140034
49.30566463518859,59.3148499406625,1.1816615256355565,0.2233471095979056,5.717679847966428
49.50554242640652,58.70595480219772,1.317197059620189,0.18804517528487202,6.0315348840045795
49.635471766279665,58.04234476352906,1.4308801474837263,0.15758896602640396,6.4483256445528
49.694144238198106,57.366799602065555,1.5332219938164242,0.13971686411613227,6.856063732879686
49.68726545226541,56.66456091608923,1.6240989299292161,0.12829619838883968,7.25422559033794
49.62066615589032,55.98959704608504,1.7062352359881283,0.1124214233609189,7.619036806431175
49.50672673216633,55.33973149384484,1.7276650335605077,-0.04939503663324049,7.957885925162401
49.41201516708571,54.67042575454646,1.7332079057218466,0.06618961990749701,8.290701903808737
49.290777928162925,54.021803752995595,1.7536598623875226,-0.005820731007241468,8.603172680308402
49.17210085746122,53.37309680551469,1.7279973511379043,-0.07020912040814886,8.904513802911644
49.0817106013683,52.7028408824937,1.7233735890765152,0.05617595501067161,9.203312100395236
48.96909552940289,52.05292913753365,1.747163969547055,0.014538853378360106,9.485658908964648
48.8502810111592,51.404274917557274,1.7387944380413582,-0.03892991325319166,9.759779398493734
48.74576342067898,50.73608645446423,1.7213817673675698,-0.013878328354574736,10.033135138947543
48.649883916551616,50.083562464471555,1.7336681136814178,0.051508060520042705,10.292718030332798
48.531943884040956,49.43490649342712,1.7337609230998052,-0.05001218086246898,10.545822453582792
48.43334465384736,48.766595747973255,1.730425488915997,0.03984657427568884,10.799015293227763
48.319663243226586,48.11638490658807,1.7461232931292876,0.006785509628080748,11.040802633582608
48.20311032137397,47.46690757689507,1.746686275114753,-0.005011375468093748,11.260934893217843
48.08712236200236,46.80796528097605,1.7559954865429037,0.03291736749232603,10.837049328288114
47.95726937429579,46.15467796323216,1.7534986248048012,-0.04089752203205164,10.398267748904976
47.846101366513125,45.50347573434087,1.7144200831279313,-0.07504068128290196,9.962401886532216
47.76565800979296,44.82974364823747,1.6647159436447307,-0.07357198572012028,9.73337049592372
47.718984393665096,44.15399204476806,1.6102866698384763,-0.08708734200875182,9.426347955928522
47.712219766012126,43.47724939208115,1.5495444220233332,-0.0917889769983948,9.246595653309255
47.74782043738392,42.79732765658575,1.4868705109628209,-0.09433140174190566,9.121138519171888
47.825423252762064,42.13156599041976,1.4226331778835843,-0.09566911395500755,9.057145645177647
47.945803174808105,41.47087173609694,1.359519015761432,-0.09656860673708914,9.014865795926388
48.10098607508624,40.84675993745387,1.2965883521497106,-0.0941427357147855,9.01741333493249
48.29526618184019,40.22852976261754,1.237250139479916,-0.09003102690330239,9.140846994370323
48.52436681135647,39.62485348930794,1.180208566189619,-0.08613202667872888,9.297492273311308
48.78729656716783,39.03353337683481,1.1268580717676333,-0.0783236886097024,9.46859991765563
49.082273592899895,38.45179612589091,1.0748587570269361,-0.08091635575993249,9.707010094070444
49.41097475517704,37.88079235534231,1.02512067669367,-0.07097982041226865,9.832438308316862
49.76548406747658,37.32656052690329,0.9830411823780683,-0.056705047175791605,10.084037548185284
50.14131219030173,36.78469861637065,0.9729403012686059,0.026080135639703614,10.342307926144736
50.505808755416794,36.23943681566857,0.9974914220275504,0.048871361769771984,10.592936789680879
50.851068417484,35.685394126426345,1.0168257859681349,0.010049498988352428,10.836642954049207
51.19552902679797,35.12443398536634,1.0205197761453242,0.0012613819442573177,11.076960380373647
51.538354770199106,34.56509701211486,1.0240632940147947,0.009586031616663292,11.311382068859583
51.87593242800864,34.006487927029994,1.013121906355213,-0.042796137178567076,11.026476612472187
52.232066910550614,33.45287006722356,0.9838583936204788,-0.046447544753384654,10.65205369753832
52.605199450845404,32.91005996126938,0.9701874502462949,0.00490910748126923,10.265713574224678
52.97654559428153,32.36608911508483,0.9875717900985688,0.047889958773000195,9.806322555164098
53.330475548017404,31.810801818164048,1.0243995706562634,0.0638843529399854,9.349963335493836
53.66108941431082,31.24048796764718,1.064848335000016,0.05966207762730164,8.918306171104764
53.965253537954595,30.66509845175315,1.1147237595559234,0.09332576121552777,8.422185149390122
54.232611770660554,30.07546330791452,1.1801468206348498,0.10913763675848456,8.024858900742657
54.456085146410544,29.473222583097733,1.2587749644966844,0.13225650317058693,7.651380106144271
54.63044535400972,28.84209156874073,1.3469357573420395,0.13863165248681053,7.379979689503048
54.7474450233276,28.19351301659314,1.4480278756333427,0.15880767257060502,7.0297906114514275
54.796819635723665,27.493719332008414,1.5586808265336525,0.1696577334622227,6.801291468741939
54.76424490018047,26.806937597445607,1.6737984230321754,0.16545388691268123,6.804014882429202
54.65723288113614,26.1433316721775,1.7788496864679268,0.1457971424719249,6.970821450038227
54.489234611663434,25.50423938298685,1.8713471208339048,0.13446234451759084,7.283848934658491
54.27044516406251,24.89538722333761,1.9557582544648593,0.12459755797608425,7.568815444206547
54.00565527521758,24.310739998406174,2.030705649878745,0.10706205822049861,7.840571878289057
53.6986633282562,23.741055574084758,2.0986412697816577,0.10121577829664745,8.164046279095055
53.34588488968522,23.179108404122427,2.1616403050666935,0.0903021495172904,8.482905267746089
52.95618307503702,22.634162524155723,2.221807224612113,0.08827936608918396,8.793138509658425
52.525530774988056,22.102246596026486,2.278788605430346,0.08009066753283937,9.089595805217465
52.06632722203359,21.59466432504433,2.327720538918391,0.06144772168786839,9.385976852823786
51.57463091972126,21.095592372578206,2.3465874295406195,-0.006331867042368182,9.679945681285567
51.09731326816765,20.606850428951216,2.3443129281241766,-0.00016117488010183875,9.95824225581273
50.607915099505334,20.105627029607167,2.3274116186740224,-0.04932581778764141,10.235760347841751
50.14766905958156,19.600903132301728,2.3226941482872454,0.035862937407140215,10.499299007818243
49.66303504771628,19.095219665865198,2.3228920476811936,-0.035283670306008035,10.762835435854612
49.20258915087561,18.59068286887914,2.3229256238059945,0.03537951707821545,11.013768116012795
48.71792123077026,18.08503114636542,2.3229126073169484,-0.035417617691638904,11.265275826081695
48.25748847916999,17.580482043181927,2.3270663475591644,0.04727053250824728,11.505255441045403
47.768609122642076,17.078739827113264,2.3352681142265337,-0.022900236535964968,11.746283539867527
47.292520541384775,16.574258182371505,2.3261890048608436,-0.0030679118003962614,11.980168810364805
46.820241594388875,16.07168117237482,2.3327383324670157,0.02173668730606016,12.0
46.33287586288405,15.56850434980623,2.3284121689182253,-0.03461582022863242,12.0
45.86956147504702,15.066652951904015,2.3229159720582926,0.018927195397675053,12.0
45.38777179315504,14.558306705241126,2.318438628348487,-0.03203432206613985,12.0
44.928979073029296,14.052222251580776,2.3256922346307722,0.05273745290292527,12.0
44.43986399503065,13.550733830868428,2.328044721009695,-0.04585262993556256,12.0
43.97869548700142,13.046873521773133,2.320498161833214,0.024311703726895763,12.0
43.497201657741485,12.538250306352783,2.3210623326898507,-0.022660052172364345,12.0
43.03546339500984,12.034923385285563,2.3263299527055272,0.03769796038370748,12.0
42.548649828713934,11.531280355259145,2.3280958663311315,-0.03252815283158348,12.0
42.08512815656164,11.029623010993898,2.325808452307407,0.0259969831046516,12.0
41.60059497197187,10.523785805251432,2.3366977173113517,0.005742558854717395,12.0
41.11406494501051,10.019936681523337,2.3262464174570834,-0.03649160076266653,12.0
40.65215720975836,9.516768415774063,2.3265342742675936,0.037310922685006374,12.0
40.16530677131162,9.01315990439883,2.330980218757989,-0.024293856049131993,12.0
39.69890897132329,8.514195108607897,2.3287378925791384,0.01789252105802065,12.0
39.21432313874173,8.008466538106372,2.3192742556571075,-0.045595374665342164,12.0
38.75748266029099,7.500554451724835,2.3178586394354284,0.04155436600554004,12.0
38.274326477681555,6.9934874838811325,2.320069550917934,-0.03508432307967151,12.0
37.815253177225685,6.4876657014867725,2.3215462506928883,0.039299884229282725,12.0
37.33060567926783,5.981994860343669,2.3196469615144446,-0.04485901296352674,12.0
36.87346280257738,5.474390687791406,2.3181612733817816,0.04104281843631601,12.0
36.3952440484117,4.9726334730120385,2.3235759671578813,-0.024928226347833038,11.765562537552233
35.92769085519883,4.464815577594287,2.311928751166774,-0.008806308844723606,11.347447148273625
35.46805496985283,3.9594983673453186,2.3194524398083747,0.030163651608120838,10.917935257613351
34.98607361159512,3.451331562604185,2.3206816236082015,-0.026566243729679404,10.459250282037655
34.5252073548114,2.9471882945528343,2.322550942915288,0.03190322644934881,9.991656912920392
34.0413381817208,2.4407888079693656,2.321422978023951,-0.03520491340180216,9.48828284540151
33.581611048777404,1.935579124816428,2.321257167088181,0.034731558178497275,8.970201708428391
33.097909327313175,1.4290228748180454,2.313357397066082,-0.05784130444992358,8.405882132722526
32.64616042569246,0.9163442000901298,2.2920185878004333,-0.003082258047372329,7.816167481073691
32.18286379866963,0.38829096862645684,2.3211081105702713,0.08625735393532974,7.159448023658421
31.691039515482743,-0.1082668551233894,2.3952282216571943,0.1283366930161553,6.441668070796743
31.16936519155672,-0.5490215054585015,2.5064613418175745,0.20612744530750302,5.6924831575793275
30.625233005978345,-0.8937699535267818,2.6790623780241205,0.31694470844744854,4.9712271259925105
30.021702290952376,-1.121250947418872,2.9197172033006114,0.44625087374018446,4.193623824178921
29.4024459522863,-1.169617853324901,-3.076949220015328,0.4339612409135693,4.196083953842419
28.758424366393257,-1.0394743844925571,-2.834674322507159,0.33721675646417193,4.467793499999611
28.175503481095816,-0.7807593354021876,-2.634298090715777,0.26900328646508825,5.006317129547872
27.623209687055734,-0.40850826846896027,-2.4708802820697255,0.22677844849852907,5.512846016884537
27.120440707233314,0.05634259167841904,-2.342662284602532,0.15041046397678326,5.960867547323649
26.658194256565665,0.5829846514681662,-2.270024375410073,0.06175001390469155,6.413874666541946
26.22888828230633,1.1164907799129757,-2.234942283856287,0.04018879331955943,6.827596898535419
25.82369741776644,1.6490669484074907,-2.2565807163966687,-0.10359213909567673,7.208995068959637
25.37282934743652,2.1626678830026584,-2.290119754061357,0.003284469159193307,7.57872016936865
24.923135599938178,2.6772562785574436,-2.289158885665162,-0.0004725646435575205,7.9312131226289155
24.47327573301122,3.191699371865159,-2.2894221000138613,-0.00029775183857755377,8.268692960608062
24.023311198163867,3.7060509136658943,-2.289654950118591,-0.00038370143096204634,8.592928774759065
23.573211781752818,4.220284476525411,-2.2894258043119238,0.0010543137426922687,8.905367307182035
23.1234829855144,4.734842215457302,-2.2881463881222825,0.0026899869906104523,9.207209615924832
22.67469979638517,5.25022706316868,-2.2861923734676086,0.0030285553617775316,9.499466512940524
22.22698124522111,5.766543134217358,-2.2811735555155814,0.011658508292733792,9.78299831288786
21.783361453900355,6.286444330862619,-2.2967090151268055,-0.05711925057809835,10.05855896307401
21.319782691768324,6.788642445984525,-2.336423886533235,-0.057655646294786284,10.326772664113617
20.824438062326763,7.284054615018643,-2.3685124174407814,-0.03537794010510729,10.594659054211107
20.31722834175227,7.76679732969227,-2.3999695477463026,-0.05591476356111923,10.7704432433362
19.80547607874459,8.217495420353536,-2.433620837028288,-0.04208784965236827,10.454006230664401
19.29117938909401,8.645103660527472,-2.4451657434411915,0.008214310392134851,10.022039391672097
18.768381417680587,9.084712590952336,-2.4299905981832786,0.0371347132918439,9.533016585100965
18.26705382309561,9.52822571978314,-2.405630631192295,0.03424148030717271,9.028148490012692
17.766804255267076,9.991853169270758,-2.4207195988199133,-0.07767409503253803,8.482846497465417
17.24149781308617,10.429293315625753,-2.4816379404321096,-0.10039485136062849,7.976431431635771
16.685533278915855,10.83095442660608,-2.5521549415980322,-0.10868916856351182,7.49204273233029
16.118363718862696,11.180379792961137,-2.637779311933168,-0.15333172273100587,6.954640395924554
15.551224821645334,11.456258150541618,-2.745820580839605,-0.1764180472854215,6.557191824593772
14.942405750778107,11.671716663987791,-2.868455388575869,-0.20294526076701055,6.129277673606549
14.29627913723695,11.807816935593646,-3.0179157176752254,-0.2484290626817525,5.620531973374653
13.621210164214816,11.835956343579927,3.0937428143468386,-0.2623371907725061,5.469513991615195
12.945163816148124,11.743116897919723,2.9210966352840964,-0.2562760512651962,5.472216831018997
12.320258255808298,11.544360590776922,2.7575214120065,-0.23449353591859565,5.665608624690677
11.738703204922345,11.25553650048251,2.605395671758778,-0.23070173804187905,5.832478180367737
11.20448209202182,10.881286222165148,2.4478193655497966,-0.2385381500991886,5.7358748029397395
10.707619896868778,10.397985000009722,2.277589283562098,-0.2829404719993941,5.266610405758445
10.333944630063613,9.861882840090196,2.0604066547914814,-0.36320512329032745,4.648393833082159
10.096187253580325,9.250590107691501,1.818915292640631,-0.36696032313457877,4.624548629819243
10.010890329059592,8.586698045472694,1.584421583990589,-0.33536164693596104,4.6271997073397655
10.077909925009479,7.909243133704088,1.3811588576781917,-0.2757833131100336,5.0718359298682625
10.262583248083288,7.275414448548371,1.2145591943524918,-0.22727785472629833,5.4913606891010325
10.530104841352497,6.69403427689123,1.0783124310786345,-0.1918936634091482,5.920221984115811
10.865735746424676,6.151352474150109,0.9596495781544124,-0.16483597586556412,6.3366949727172335
11.29372060338612,5.6041310973780085,0.8562782627112269,-0.1447603354654859,6.761019511922681
11.779521987261774,5.097893730726465,0.7633235707409434,-0.12550506575082832,7.164104553240052
12.29107056179025,4.64986917524358,0.6807793140265114,-0.1159907333576274,7.534217994801311
12.823216923450033,4.252551846593946,0.6393109522776871,-0.0059804468833360895,7.8789157293502505
13.369078067272056,3.848399320582068,0.6403723960110836,0.00910541789500927,8.216499263111595
13.904559114212432,3.4468191095997653,0.6744424908122207,0.09069368944980596,8.536130496742775
14.424930380411553,3.004234144529388,0.6904128810208767,-0.043005108028465834,8.850455940322883
14.946791851141029,2.585903112993769,0.6914685855025077,0.04609447008607451,9.14774563966004
15.466253421442914,2.142218538767512,0.6994168813825724,-0.02205104535246185,9.441740536137068
15.987728166660617,1.710171658130669,0.6830149086463564,-0.026293828026103163,9.72440577925944
16.51482428758942,1.2890383313437859,0.6895000255647519,0.045052971686796804,9.998072385213712
17.03522707285302,0.8465130994404326,0.6837974230400545,-0.06249051168973337,10.267734921457398
17.562662518568402,0.43509058197939865,0.6698115092007884,0.022001936381450177,10.525101253125072
18.08394842527356,0.015980929735306404,0.6787178815126977,0.004531792939024544,10.262010194782732
18.61492186640278,-0.41360186279096567,0.6639989517528238,-0.048514843970734425,9.785039868178927
19.14874819401352,-0.8172595716675808,0.6513657684839633,0.011498633012351617,9.321275256279323
19.69135979028991,-1.2342369095371915,0.6726175243936863,0.05149791541149959,8.792363491090825
20.212550117647126,-1.6646027980719573,0.7217572963461921,0.09317547699498707,8.236681221741437
20.70607805458873,-2.1273734534887367,0.7968785367980922,0.12454116140154109,7.774821996327343
21.17427266181579,-2.6486646551657316,0.8806445371240967,0.1233721514251888,7.424062796709137
21.58111528990375,-3.187264965166481,0.9748251313551962,0.1593863883238047,6.942870541288217
21.911069839582524,-3.7350038955821923,1.0863979191203639,0.1804061826889724,6.5955738121261005
22.17618336407135,-4.318112487127252,1.2038845832759681,0.18118175215229337,6.581442192299265
22.376874609911553,-4.947044307860519,1.3219933260277013,0.18161067714824994,6.5736656719015905
22.501090683227147,-5.596936487983154,1.4426840437369708,0.1782160646387799,6.576286508784819
22.54819359131868,-6.276976753930514,1.5601159778182079,0.17278428200081195,6.727831007147693
22.5155748713115,-6.953037995094656,1.6759106691014485,0.16770797394323295,6.79312241995055
22.40620821539123,-7.622768906582504,1.7839767064995398,0.15721780837011193,6.922026234134389
22.23429048773056,-8.252455635591152,1.8870986239989644,0.15402276053113095,7.1265659884547405
22.002625004616675,-8.855872379819386,1.9862195357860828,0.15018966789145524,7.1836712433313705
21.711509286522116,-9.437647431427589,2.0878774379806733,0.16379438937521984,6.885867257592877
21.361299179896065,-9.983592224174524,2.2032547946396286,0.18307549677199145,6.5473144654691895
20.928526414923,-10.506001720225413,2.32391934194464,0.17945854774882952,6.524934751615362
20.4318966257551,-10.975011110387502,2.4552814415975077,0.21342651576311367,6.063931580769835
19.8917416443484,-11.355287474546182,2.5966972397249193,0.20961417756824052,6.066548145491248
19.310547263388656,-11.654665079833277,2.7308829479721455,0.19992194697529767,6.219979880386613
18.699149046050337,-11.874632019102943,2.859522255628355,0.19300744583162227,6.357322459462598
18.05906375568601,-12.017341569115095,2.984147953086135,0.1829134374854056,6.445643929681916
17.38523306395247,-12.083227596249559,3.10560557263234,0.17564542999847618,6.6483051762777565
16.6853773117073,-12.066797886025617,-3.062415771172924,0.16593188715742116,6.768149282942372
16.020252664627733,-11.974926296182925,-2.9555414516858884,0.14934750097658783,6.959250224752166
15.384972979543917,-11.822025286111245,-2.86378533541658,0.12934340716632786,7.239535123084155
14.77414444161117,-11.619558874445827,-2.7820981130384412,0.12201318403050546,7.582881284491229
14.178540513122257,-11.368616732054377,-2.7082282295558304,0.10640252012437715,7.8769522731506
13.597843879787149,-11.075285303150538,-2.641086690194642,0.09982816779525458,8.200670837045253
13.03260138447662,-10.74183428119976,-2.5780216960454214,0.0923676608735392,8.514760837425447
12.483623528309664,-10.371170134460264,-2.5197683979759447,0.0833793987691677,8.820449021242364
11.949787122622581,-9.965817446339639,-2.4664027075463464,0.07549649243078903,9.119356412566036
11.42825378625551,-9.526096922839017,-2.444385199578325,-0.009808363509930893,9.413819285067522
10.9133250422626,-9.097753658160958,-2.4329876718231462,0.04314473942970132,9.694244619572089
10.400904756681399,-8.645549981974899,-2.423472788303507,-0.014440570028742921,9.972248376145822
9.88407267432413,-8.198447543509047,-2.437088973332952,-0.025617780085348107,10.242696087464777
9.363821622502684,-7.764012139967747,-2.4550869594909526,-0.02743130982175763,10.504052527036082
8.838544334899467,-7.341659633148545,-2.452379373105753,0.03514491864569537,10.757660027852628
8.316540618673812,-6.901037568146984,-2.4537144340498904,-0.039408922686604765,11.00872873060138
7.794127169819305,-6.483383465153782,-2.4546940077956987,0.03654339012402161,11.249126680932786
7.271305705957886,-6.0438033451252995,-2.456644889924019,-0.04237506291716445,11.489444843152887
6.747225668642471,-5.628193093593943,-2.4583481628245973,0.03738958348551962,11.71999704990704
6.222949147623723,-5.190397409716205,-2.455540776117124,-0.028996969613595453,11.950839987870879
5.701267381998974,-4.771845993514809,-2.4529642359506956,0.03653727272432957,12.0
5.1791707182729425,-4.331333490145191,-2.4428901725397933,-0.0063264189225086375,12.0
4.659116062491705,-3.896363061074009,-2.4553603317044073,-0.03059864641413652,12.0
4.133404062173113,-3.474828044571865,-2.451132587460046,0.04274407348094671,12.0
3.613045735988017,-3.032194057465908,-2.4542399871630454,-0.052352407692543,12.0
3.088540816068374,-2.617104868543624,-2.4638948098292963,0.02409288249365947,12.0
2.559950763919119,-2.1845991630337913,-2.453115587959598,0.0081382966467262,12.0
2.0446543197193066,-1.7582169902692932,-2.441481315325109,0.025929718991186276,12.0
1.5261454935309118,-1.3136402164435133,-2.4395898490177723,-0.019846875778626157,12.0
1.0015009907191228,-0.8760035849542369,-2.459920385852152,-0.040522530799597514,12.0
0.4763024226054853,-0.4617650642733899,-2.4549262908821916,0.05514809763628338,11.929171761356697
-0.04393235618382363,-0.01901271535352933,-2.4473989336360686,-0.03264565443212913,11.931877899795936
-0.5627002301247757,0.403112205595491,-2.4491152221980754,0.02762861756299678,12.0
-1.0842893650033645,0.843973467955216,-2.4453490168013996,-0.016022861043229385,12.0
-1.6108261709406335,1.279227356802508,-2.4577614315517327,-0.020755806683554007,12.0
-2.1322574361778024,1.6980859787690825,-2.4512168249734665,0.03991769992573813,12.0
-2.653090561933375,2.140104533863827,-2.453779889314529,-0.0475795992289869,12.0
