x_m,y_m,theta_rad,kappa_1pm,v_mps
-2.653090561933375,2.140104533863827,0.6878127642752641,0.0475795992289869,12.0
-2.1322574361778024,1.6980859787690825,0.6903758286163266,-0.0399176999257381,12.0
-1.6108261709406335,1.279227356802508,0.6838312220380605,0.0207558066835540,12.0
-1.0842893650033645,0.843973467955216,0.6962436367883935,0.0160228610432294,12.0
-0.5627002301247757,0.403112205595491,0.6924774313917177,-0.0276286175629968,12.0
-0.04393235618382363,-0.01901271535352933,0.6941937199537245,0.0326456544321291,11.931877899795936
0.4763024226054853,-0.4617650642733899,0.6866663627076015,-0.0551480976362834,11.929171761356697
1.0015009907191228,-0.8760035849542369,0.6816722677376412,0.0405225307995975,12.0
1.5261454935309118,-1.3136402164435133,0.7020028045720208,0.0198468757786262,12.0
2.0446543197193066,-1.7582169902692932,0.7001113382646840,-0.0259297189911863,12.0
2.559950763919119,-2.1845991630337913,0.6884770656301953,-0.0081382966467262,12.0
3.088540816068374,-2.617104868543624,0.6776978437604968,-0.0240928824936595,12.0
3.613045735988017,-3.032194057465908,0.6873526664267477,0.0523524076925430,12.0
4.133404062173113,-3.474828044571865,0.6904600661297473,-0.0427440734809467,12.0
4.659116062491705,-3.896363061074009,0.6862323218853859,0.0305986464141365,12.0
5.1791707182729425,-4.331333490145191,0.6987024810499998,0.0063264189225086,12.0
5.701267381998974,-4.771845993514809,0.6886284176390975,-0.0365372727243296,12.0
6.222949147623723,-5.190397409716205,0.6860518774726692,0.0289969696135955,11.950839987870879
6.747225668642471,-5.628193093593943,0.6832444907651958,-0.0373895834855196,11.71999704990704
7.271305705957886,-6.0438033451252995,0.6849477636657739,0.0423750629171644,11.489444843152887
7.794127169819305,-6.483383465153782,0.6868986457940944,-0.0365433901240216,11.249126680932786
8.316540618673812,-6.901037568146984,0.6878782195399027,0.0394089226866048,11.00872873060138
8.838544334899467,-7.341659633148545,0.6892132804840401,-0.0351449186456954,10.757660027852628
9.363821622502684,-7.764012139967747,0.6865056940988405,0.0274313098217576,10.504052527036082
9.88407267432413,-8.198447543509047,0.7045036802568410,0.0256177800853481,10.242696087464777
10.400904756681399,-8.645549981974899,0.7181198652862859,0.0144405700287429,9.972248376145822
10.9133250422626,-9.097753658160958,0.7086049817666469,-0.0431447394297013,9.694244619572089
11.42825378625551,-9.526096922839017,0.6972074540114681,0.0098083635099309,9.413819285067522
11.949787122622581,-9.965817446339639,0.6751899460434467,-0.0754964924307890,9.119356412566036
12.483623528309664,-10.371170134460264,0.6218242556138485,-0.0833793987691677,8.820449021242364
13.03260138447662,-10.74183428119976,0.5635709575443717,-0.0923676608735392,8.514760837425447
13.597843879787149,-11.075285303150538,0.5005059633951512,-0.0998281677952546,8.200670837045253
14.178540513122257,-11.368616732054377,0.4333644240339627,-0.1064025201243771,7.8769522731506
14.77414444161117,-11.619558874445827,0.3594945405513519,-0.1220131840305055,7.582881284491229
15.384972979543917,-11.822025286111245,0.2778073181732132,-0.1293434071663279,7.239535123084155
16.020252664627733,-11.974926296182925,0.1860512019039047,-0.1493475009765878,6.959250224752166
16.6853773117073,-12.066797886025617,0.0791768824168693,-0.1659318871574212,6.768149282942372
17.38523306395247,-12.083227596249559,-0.0359870809574527,-0.1756454299984762,6.6483051762777565
18.05906375568601,-12.017341569115095,-0.1574447005036586,-0.1829134374854056,6.445643929681916
18.699149046050337,-11.874632019102943,-0.2820703979614372,-0.1930074458316223,6.357322459462598
19.310547263388656,-11.654665079833277,-0.4107097056176485,-0.1999219469752977,6.219979880386613
19.8917416443484,-11.355287474546182,-0.5448954138648734,-0.2096141775682405,6.066548145491248
20.4318966257551,-10.975011110387502,-0.6863112119922850,-0.2134265157631137,6.063931580769835
20.928526414923,-10.506001720225413,-0.8176733116451533,-0.1794585477488295,6.524934751615362
21.361299179896065,-9.983592224174524,-0.9383378589501650,-0.1830754967719914,6.5473144654691895
21.711509286522116,-9.437647431427589,-1.0537152156091203,-0.1637943893752198,6.885867257592877
22.002625004616675,-8.855872379819386,-1.1553731178037108,-0.1501896678914552,7.1836712433313705
22.23429048773056,-8.252455635591152,-1.2544940295908287,-0.1540227605311310,7.1265659884547405
22.40620821539123,-7.622768906582504,-1.3576159470902525,-0.1572178083701119,6.922026234134389
22.5155748713115,-6.953037995094656,-1.4656819844883451,-0.1677079739432329,6.79312241995055
22.54819359131868,-6.276976753930514,-1.5814766757715848,-0.1727842820008119,6.727831007147693
22.501090683227147,-5.596936487983154,-1.6989086098528219,-0.1782160646387799,6.576286508784819
22.376874609911553,-4.947044307860519,-1.8195993275620914,-0.1816106771482499,6.5736656719015905
22.17618336407135,-4.318112487127252,-1.9377080703138247,-0.1811817521522934,6.581442192299265
21.911069839582524,-3.7350038955821923,-2.0551947344694295,-0.1804061826889724,6.5955738121261005
21.58111528990375,-3.187264965166481,-2.1667675222345970,-0.1593863883238047,6.942870541288217
21.17427266181579,-2.6486646551657316,-2.2609481164656966,-0.1233721514251888,7.424062796709137
20.70607805458873,-2.1273734534887367,-2.3447141167917014,-0.1245411614015411,7.774821996327343
20.212550117647126,-1.6646027980719573,-2.4198353572436009,-0.0931754769949871,8.236681221741437
19.69135979028991,-1.2342369095371915,-2.4689751291961066,-0.0514979154114996,8.792363491090825
19.14874819401352,-0.8172595716675808,-2.4902268851058302,-0.0114986330123516,9.321275256279323
18.61492186640278,-0.41360186279096567,-2.4775937018369696,0.0485148439707344,9.785039868178927
18.08394842527356,0.015980929735306404,-2.4628747720770949,-0.0045317929390245,10.262010194782732
17.562662518568402,0.43509058197939865,-2.4717811443890048,-0.0220019363814502,10.525101253125072
17.03522707285302,0.8465130994404326,-2.4577952305497384,0.0624905116897334,10.267734921457398
16.51482428758942,1.2890383313437859,-2.4520926280250412,-0.0450529716867968,9.998072385213712
15.987728166660617,1.710171658130669,-2.4585777449434367,0.0262938280261032,9.72440577925944
15.466253421442914,2.142218538767512,-2.4421757722072206,0.0220510453524618,9.441740536137068
14.946791851141029,2.585903112993769,-2.4501240680872858,-0.0460944700860745,9.14774563966004
14.424930380411553,3.004234144529388,-2.4511797725689162,0.0430051080284658,8.850455940322883
13.904559114212432,3.4468191095997653,-2.4671501627775729,-0.0906936894498060,8.536130496742775
13.369078067272056,3.848399320582068,-2.5012202575787095,-0.0091054178950093,8.216499263111595
12.823216923450033,4.252551846593946,-2.5022817013121061,0.0059804468833361,7.8789157293502505
12.29107056179025,4.64986917524358,-2.4608133395632823,0.1159907333576274,7.534217994801311
11.779521987261774,5.097893730726465,-2.3782690828488500,0.1255050657508283,7.164104553240052
11.29372060338612,5.6041310973780085,-2.2853143908785665,0.1447603354654859,6.761019511922681
10.865735746424676,6.151352474150109,-2.1819430754353810,0.1648359758655641,6.3366949727172335
10.530104841352497,6.69403427689123,-2.0632802225111586,0.1918936634091482,5.920221984115811
10.262583248083288,7.275414448548371,-1.9270334592373013,0.2272778547262983,5.4913606891010325
10.077909925009479,7.909243133704088,-1.7604337959116014,0.2757833131100336,5.0718359298682625
10.010890329059592,8.586698045472694,-1.5571710695992040,0.3353616469359610,4.6271997073397655
10.096187253580325,9.250590107691501,-1.3226773609491627,0.3669603231345788,4.624548629819243
10.333944630063613,9.861882840090196,-1.0811859987983112,0.3632051232903274,4.648393833082159
10.707619896868778,10.397985000009722,-0.8640033700276959,0.2829404719993941,5.266610405758445
11.20448209202182,10.881286222165148,-0.6937732880399956,0.2385381500991886,5.7358748029397395
11.738703204922345,11.25553650048251,-0.5361969818310151,0.2307017380418790,5.832478180367737
12.320258255808298,11.544360590776922,-0.3840712415832925,0.2344935359185956,5.665608624690677
12.945163816148124,11.743116897919723,-0.2204960183056972,0.2562760512651962,5.472216831018997
13.621210164214816,11.835956343579927,-0.0478498392429536,0.2623371907725061,5.469513991615195
14.29627913723695,11.807816935593646,0.1236769359145677,0.2484290626817525,5.620531973374653
14.942405750778107,11.671716663987791,0.2731372650139243,0.2029452607670106,6.129277673606549
15.551224821645334,11.456258150541618,0.3957720727501881,0.1764180472854215,6.557191824593772
16.118363718862696,11.180379792961137,0.5038133416566253,0.1533317227310059,6.954640395924554
16.685533278915855,10.83095442660608,0.5894377119917609,0.1086891685635118,7.49204273233029
17.24149781308617,10.429293315625753,0.6599547131576835,0.1003948513606285,7.976431431635771
17.766804255267076,9.991853169270758,0.7208730547698798,0.0776740950325380,8.482846497465417
18.26705382309561,9.52822571978314,0.7359620223974983,-0.0342414803071727,9.028148490012692
18.768381417680587,9.084712590952336,0.7116020554065146,-0.0371347132918439,9.533016585100965
19.29117938909401,8.645103660527472,0.6964269101486016,-0.0082143103921349,10.022039391672097
19.80547607874459,8.217495420353536,0.7079718165615052,0.0420878496523683,10.454006230664401
20.31722834175227,7.76679732969227,0.7416231058434906,0.0559147635611192,10.7704432433362
20.824438062326763,7.284054615018643,0.7730802361490117,0.0353779401051073,10.594659054211107
21.319782691768324,6.788642445984525,0.8051687670565579,0.0576556462947863,10.326772664113617
21.783361453900355,6.286444330862619,0.8448836384629876,0.0571192505780984,10.05855896307401
22.22698124522111,5.766543134217358,0.8604190980742121,-0.0116585082927338,9.78299831288786
22.67469979638517,5.25022706316868,0.8554002801221845,-0.0030285553617775,9.499466512940524
23.1234829855144,4.734842215457302,0.8534462654675106,-0.0026899869906105,9.207209615924832
23.573211781752818,4.220284476525411,0.8521668492778693,-0.0010543137426923,8.905367307182035
24.023311198163867,3.7060509136658943,0.8519377034712021,0.0003837014309620,8.592928774759065
24.47327573301122,3.191699371865159,0.8521705535759319,0.0002977518385776,8.268692960608062
24.923135599938178,2.6772562785574436,0.8524337679246310,0.0004725646435575,7.9312131226289155
25.37282934743652,2.1626678830026584,0.8514728995284360,-0.0032844691591933,7.57872016936865
25.82369741776644,1.6490669484074907,0.8850119371931244,0.1035921390956767,7.208995068959637
26.22888828230633,1.1164907799129757,0.9066503697335060,-0.0401887933195594,6.827596898535419
26.658194256565665,0.5829846514681662,0.8715682781797200,-0.0617500139046916,6.413874666541946
27.120440707233314,0.05634259167841904,0.7989303689872611,-0.1504104639767833,5.960867547323649
27.623209687055734,-0.40850826846896027,0.6707123715200676,-0.2267784484985291,5.512846016884537
28.175503481095816,-0.7807593354021876,0.5072945628740162,-0.2690032864650883,5.006317129547872
28.758424366393257,-1.0394743844925571,0.3069183310826342,-0.3372167564641719,4.467793499999611
29.4024459522863,-1.169617853324901,0.0646434335744650,-0.4339612409135693,4.196083953842419
30.021702290952376,-1.121250947418872,-0.2218754502891827,-0.4462508737401845,4.193623824178921
30.625233005978345,-0.8937699535267818,-0.4625302755656726,-0.3169447084474485,4.9712271259925105
31.16936519155672,-0.5490215054585015,-0.6351313117722182,-0.2061274453075030,5.6924831575793275
31.691039515482743,-0.1082668551233894,-0.7463644319325979,-0.1283366930161553,6.441668070796743
32.18286379866963,0.38829096862645684,-0.8204845430195213,-0.0862573539353297,7.159448023658421
32.64616042569246,0.9163442000901298,-0.8495740657893602,0.0030822580473723,7.816167481073691
33.097909327313175,1.4290228748180454,-0.8282352565237119,0.0578413044499236,8.405882132722526
33.581611048777404,1.935579124816428,-0.8203354865016124,-0.0347315581784973,8.970201708428391
34.0413381817208,2.4407888079693656,-0.8201696755658432,0.0352049134018022,9.48828284540151
34.5252073548114,2.9471882945528343,-0.8190417106745045,-0.0319032264493488,9.991656912920392
34.98607361159512,3.451331562604185,-0.8209110299815912,0.0265662437296794,10.459250282037655
35.46805496985283,3.9594983673453186,-0.8221402137814184,-0.0301636516081208,10.917935257613351
35.92769085519883,4.464815577594287,-0.8296639024230181,0.0088063088447236,11.347447148273625
36.3952440484117,4.9726334730120385,-0.8180166864319123,0.0249282263478330,11.765562537552233
36.87346280257738,5.474390687791406,-0.8234313802080120,-0.0410428184363160,12.0
37.33060567926783,5.981994860343669,-0.8219456920753494,0.0448590129635267,12.0
37.815253177225685,6.4876657014867725,-0.8200464028969048,-0.0392998842292827,12.0
38.274326477681555,6.9934874838811325,-0.8215231026718595,0.0350843230796715,12.0
38.75748266029099,7.500554451724835,-0.8237340141543648,-0.0415543660055400,12.0
39.21432313874173,8.008466538106372,-0.8223183979326851,0.0455953746653422,12.0
39.69890897132329,8.514195108607897,-0.8128547610106551,-0.0178925210580206,12.0
40.16530677131162,9.01315990439883,-0.8106124348318033,0.0242938560491320,12.0
40.65215720975836,9.516768415774063,-0.8150583793221990,-0.0373109226850064,12.0
41.11406494501051,10.019936681523337,-0.8153462361327097,0.0364916007626665,12.0
41.60059497197187,10.523785805251432,-0.8048949362784406,-0.0057425588547174,12.0
42.08512815656164,11.029623010993898,-0.8157842012823870,-0.0259969831046516,12.0
42.548649828713934,11.531280355259145,-0.8134967872586607,0.0325281528315835,12.0
43.03546339500984,12.034923385285563,-0.8152627008842650,-0.0376979603837075,12.0
43.497201657741485,12.538250306352783,-0.8205303208999428,0.0226600521723643,12.0
43.97869548700142,13.046873521773133,-0.8210944917565790,-0.0243117037268958,12.0
44.43986399503065,13.550733830868428,-0.8135479325800983,0.0458526299355626,12.0
44.928979073029296,14.052222251580776,-0.8159004189590213,-0.0527374529029253,12.0
45.38777179315504,14.558306705241126,-0.8231540252413065,0.0320343220661398,12.0
45.86956147504702,15.066652951904015,-0.8186766815314996,-0.0189271953976751,12.0
46.33287586288405,15.56850434980623,-0.8131804846715678,0.0346158202286324,12.0
46.820241594388875,16.07168117237482,-0.8088543211227766,-0.0217366873060602,12.0
47.292520541384775,16.574258182371505,-0.8154036487289495,0.0030679118003963,11.980168810364805
47.768609122642076,17.078739827113264,-0.8063245393632599,0.0229002365359650,11.746283539867527
48.25748847916999,17.580482043181927,-0.8145263060306291,-0.0472705325082473,11.505255441045403
48.71792123077026,18.08503114636542,-0.8186800462728456,0.0354176176916389,11.265275826081695
49.20258915087561,18.59068286887914,-0.8186670297837981,-0.0353795170782154,11.013768116012795
49.66303504771628,19.095219665865198,-0.8187006059085995,0.0352836703060080,10.762835435854612
50.14766905958156,19.600903132301728,-0.8188985053025473,-0.0358629374071402,10.499299007818243
50.607915099505334,20.105627029607167,-0.8141810349157712,0.0493258177876414,10.235760347841751
51.09731326816765,20.606850428951216,-0.7972797254656161,0.0001611748801018,9.95824225581273
51.57463091972126,21.095592372578206,-0.7950052240491736,0.0063318670423682,9.679945681285567
52.06632722203359,21.59466432504433,-0.8138721146714012,-0.0614477216878684,9.385976852823786
52.525530774988056,22.102246596026486,-0.8628040481594468,-0.0800906675328394,9.089595805217465
52.95618307503702,22.634162524155723,-0.9197854289776792,-0.0882793660891840,8.793138509658425
53.34588488968522,23.179108404122427,-0.9799523485230992,-0.0903021495172904,8.482905267746089
53.6986633282562,23.741055574084758,-1.0429513838081359,-0.1012157782966474,8.164046279095055
54.00565527521758,24.310739998406174,-1.1108870037110492,-0.1070620582204986,7.840571878289057
54.27044516406251,24.89538722333761,-1.1858343991249338,-0.1245975579760843,7.568815444206547
54.489234611663434,25.50423938298685,-1.2702455327558884,-0.1344623445175908,7.283848934658491
54.65723288113614,26.1433316721775,-1.3627429671218660,-0.1457971424719249,6.970821450038227
54.76424490018047,26.806937597445607,-1.4677942305576179,-0.1654538869126812,6.804014882429202
54.796819635723665,27.493719332008414,-1.5829118270561402,-0.1696577334622227,6.801291468741939
54.7474450233276,28.19351301659314,-1.6935647779564507,-0.1588076725706050,7.0297906114514275
54.63044535400972,28.84209156874073,-1.7946568962477532,-0.1386316524868105,7.379979689503048
54.456085146410544,29.473222583097733,-1.8828176890931090,-0.1322565031705869,7.651380106144271
54.232611770660554,30.07546330791452,-1.9614458329549436,-0.1091376367584846,8.024858900742657
53.965253537954595,30.66509845175315,-2.0268688940338695,-0.0933257612155278,8.422185149390122
53.66108941431082,31.24048796764718,-2.0767443185897774,-0.0596620776273016,8.918306171104764
53.330475548017404,31.810801818164048,-2.1171930829335297,-0.0638843529399854,9.349963335493836
52.97654559428153,32.36608911508483,-2.1540208634912243,-0.0478899587730002,9.806322555164098
52.605199450845404,32.91005996126938,-2.1714052033434985,-0.0049091074812692,10.265713574224678
52.232066910550614,33.45287006722356,-2.1577342599693141,0.0464475447533847,10.65205369753832
51.87593242800864,34.006487927029994,-2.1284707472345801,0.0427961371785671,11.026476612472187
51.538354770199106,34.56509701211486,-2.1175293595749984,-0.0095860316166633,11.311382068859583
51.19552902679797,35.12443398536634,-2.1210728774444689,-0.0012613819442573,11.076960380373647
50.851068417484,35.685394126426345,-2.1247668676216582,-0.0100494989883524,10.836642954049207
50.505808755416794,36.23943681566857,-2.1441012315622423,-0.0488713617697720,10.592936789680879
50.14131219030173,36.78469861637065,-2.1686523523211871,-0.0260801356397036,10.342307926144736
49.76548406747658,37.32656052690329,-2.1585514712117249,0.0567050471757916,10.084037548185284
49.41097475517704,37.88079235534231,-2.1164719768961229,0.0709798204122686,9.832438308316862
49.082273592899895,38.45179612589091,-2.0667338965628570,0.0809163557599325,9.707010094070444
48.78729656716783,39.03353337683481,-2.0147345818221600,0.0783236886097024,9.46859991765563
48.52436681135647,39.62485348930794,-1.9613840874001740,0.0861320266787289,9.297492273311308
48.29526618184019,40.22852976261754,-1.9043425141098771,0.0900310269033024,9.140846994370323
48.10098607508624,40.84675993745387,-1.8450043014400830,0.0941427357147855,9.01741333493249
47.945803174808105,41.47087173609694,-1.7820736378283613,0.0965686067370891,9.014865795926388
47.825423252762064,42.13156599041976,-1.7189594757062086,0.0956691139550075,9.057145645177647
47.74782043738392,42.79732765658575,-1.6547221426269720,0.0943314017419057,9.121138519171888
47.712219766012126,43.47724939208115,-1.5920482315664604,0.0917889769983948,9.246595653309255
47.718984393665096,44.15399204476806,-1.5313059837513165,0.0870873420087518,9.426347955928522
47.76565800979296,44.82974364823747,-1.4768767099450626,0.0735719857201203,9.73337049592372
47.846101366513125,45.50347573434087,-1.4271725704618614,0.0750406812829020,9.962401886532216
47.95726937429579,46.15467796323216,-1.3880940287849910,0.0408975220320516,10.398267748904976
48.08712236200236,46.80796528097605,-1.3855971670468890,-0.0329173674923260,10.837049328288114
48.20311032137397,47.46690757689507,-1.3949063784750404,0.0050113754680937,11.260934893217843
48.319663243226586,48.11638490658807,-1.3954693604605062,-0.0067855096280807,11.040802633582608
48.43334465384736,48.766595747973255,-1.4111671646737953,-0.0398465742756888,10.799015293227763
48.531943884040956,49.43490649342712,-1.4078317304899883,0.0500121808624690,10.545822453582792
48.649883916551616,50.083562464471555,-1.4079245399083753,-0.0515080605200427,10.292718030332798
48.74576342067898,50.73608645446423,-1.4202108862222236,0.0138783283545747,10.033135138947543
48.8502810111592,51.404274917557274,-1.4027982155484349,0.0389299132531917,9.759779398493734
48.96909552940289,52.05292913753365,-1.3944286840427385,-0.0145388533783601,9.485658908964648
49.0817106013683,52.7028408824937,-1.4182190645132771,-0.0561759550106716,9.203312100395236
49.17210085746122,53.37309680551469,-1.4135953024518884,0.0702091204081489,8.904513802911644
49.290777928162925,54.021803752995595,-1.3879327912022710,0.0058207310072415,8.603172680308402
49.41201516708571,54.67042575454646,-1.4083847478679470,-0.0661896199074970,8.290701903808737
49.50672673216633,55.33973149384484,-1.4139276200292858,0.0493950366332405,7.957885925162401
49.62066615589032,55.98959704608504,-1.4353574176016650,-0.1124214233609189,7.619036806431175
49.68726545226541,56.66456091608923,-1.5174937236605768,-0.1282961983888397,7.25422559033794
49.694144238198106,57.366799602065555,-1.6083706597733691,-0.1397168641161323,6.856063732879686
49.635471766279665,58.04234476352906,-1.7107125061060664,-0.1575889660264040,6.4483256445528
49.50554242640652,58.70595480219772,-1.8243955939696042,-0.1880451752848720,6.0315348840045795
49.30566463518859,59.3148499406625,-1.9599311279542366,-0.2233471095979056,5.717679847966428
49.01921262964825,59.89199808436767,-2.1154370471927066,-0.2518596259410261,5.38096755140034
48.628809093066224,60.43222415343864,-2.2936384566683401,-0.2787652805003311,5.295883369085635
48.12170757291635,60.90945187522124,-2.4774672469654320,-0.2801128907770516,5.293125292748982
47.57384604349531,61.25798221984647,-2.6493564928285487,-0.2299360828470399,5.817038797456056
46.982699151690895,61.52026101491826,-2.7794875801301906,-0.1699364174537476,6.383263519585263
46.36032348108084,61.71767437099602,-2.8820457449480337,-0.1452858421286491,6.890163749797252
45.71964370308437,61.85564826817459,-2.9638578412096557,-0.1016648604597027,7.4555826335542985
45.05032765753188,61.95298930681983,-2.9996356643207056,-0.0074758678795489,8.06565032199938
44.3975177915481,62.04460425742677,-3.0214406175634814,-0.0569478924310985,8.612560966559684
43.72399813242539,62.11312182736707,-3.0156271984558671,0.0737361830532056,8.76241224934177
43.06477772683806,62.21337706799255,-2.9974255863279673,-0.0202129007114406,8.452541980340662
42.40240326782198,62.3049833543691,-3.0277236571125119,-0.0695818976397552,8.12994672468749
41.72802026721399,62.36625361028584,-3.0727911549826388,-0.0641604770332884,7.789656536752491
41.04911685893343,62.398238679707845,-3.0551008602529377,0.1195625702617672,7.432462405233895
40.39513216700024,62.48182582827148,-2.9688808668443247,0.1344909737121350,7.0687381611541475
39.73309667245272,62.627818166431666,-2.8746525680033166,0.1534700062700557,6.697646359087349
39.11567625529081,62.8317143173616,-2.7669434034198197,0.1737405600205560,6.340930837684557
38.53330164405722,63.09960341057695,-2.6461907103313482,0.1989802518728397,6.01929808138175
37.98572011488645,63.442282815172476,-2.5040614495229789,0.2255875926579385,5.765458007905305
37.45912903627975,63.89525755519669,-2.3506818095416664,0.2363219803678730,5.762706745840716
37.02124553200822,64.41745013274092,-2.2001638689053795,0.2096162594624843,6.118796052429149
36.67550626744065,64.97144589250496,-2.0694525270999318,0.1836491997116969,6.510080808964901
36.40127597190579,65.5559303611692,-1.9624131384742034,0.1447006703792901,6.978868413980501
36.18128587760914,66.16826141843657,-1.8812215420362044,0.1056748852332105,7.510945022611122
36.003421147657406,66.79614005526898,-1.8278855348340741,0.0576794826230518,8.096325583170053
35.84827659646044,67.43490351794843,-1.7956632351953150,0.0409964720940061,8.645991579704884
35.711093307338814,68.07415803607476,-1.7914406061638299,-0.0282674487212514,9.160048570548728
35.56193840110306,68.71151199445693,-1.7988955914627249,0.0054160081323743,9.64730673480626
35.41396063557772,69.35413370611036,-1.8137496785909768,-0.0512220660146558,10.06442138566581
35.24716283034522,69.98154062445701,-1.8125384910951938,0.0548964186133664,9.858480765173397
35.10073287668591,70.62450478190036,-1.8137906742947223,-0.0585890681702757,9.587190564945086
34.93191206307634,71.25326326102999,-1.8142424211007953,0.0573893039052378,9.311605526558614
34.78537683958879,71.89419579703932,-1.8107590001415783,-0.0465199181612903,9.02475682436714
34.62040318359041,72.52640581176178,-1.8232440106002024,0.0085721544961772,8.730360438091576
34.45855770103712,73.16117811453647,-1.7986709091391768,0.0660134230564984,8.424877043294678
34.32346718369162,73.80684028648588,-1.8069506706497087,-0.0921102617408895,8.105640503842148
34.15245814250281,74.43317679429582,-1.8051119515428145,0.0977109944696061,7.778644464623086
34.01976478697625,75.07915751288385,-1.8047529281361312,-0.0952940811137639,7.43179401190176
33.847137714226406,75.71430906801734,-1.8697289756653355,-0.1027157826907225,7.0686647108167895
33.63373582139606,76.33181849612453,-1.8534531419474192,0.1520293335040400,6.701440548712804
33.48162294229388,76.97282559769273,-1.7484152115295597,0.1697265728450980,6.29593826902017
33.40240115898449,77.62051467996748,-1.6252710541346511,0.2020876913730413,5.955428188331296
33.410024475327575,78.28586806205719,-1.4863266247623947,0.2280063804764814,5.550866122123614
33.512271009144214,78.91812093676283,-1.3269834511781724,0.2693962433121292,5.264189016026948
33.713164739411894,79.5044650187104,-1.1378779407795410,0.2997785731020793,5.048094126157392
34.05744944300157,80.09775744428292,-0.9401569627475084,0.3082977083670460,5.045377249649211
34.51421044179065,80.60164595448855,-0.9307754731791427,-0.3004744953880844,4.734159585309068
34.84280612167261,81.15252744663681,-1.1585806121118480,-0.3885400254838192,4.360229154182636
35.026221434435215,81.77257766724884,-1.4377814445701533,-0.4439791252229227,4.1799419844621655
35.01892219921932,82.46874241370477,-1.7255625963299570,-0.4497702011145879,4.177184666576151
34.82229734166735,83.07966684685147,-1.9859917297754635,-0.3193729574332247,4.953971642943676
34.50057920432231,83.64459775835708,-2.1559770859352785,-0.1973822968116293,5.7070327475983875
34.08701671003061,84.18935973080663,-2.2588869064341637,-0.1132578538526319,6.484274429608496
33.63229502439164,84.70073613812998,-2.3238460633193858,-0.0748696038690949,7.185132493548144
33.14023409448781,85.19946673669246,-2.3403928542659429,0.0265621622886271,7.838028253329125
32.6696027940545,85.69434367834587,-2.3173692042182541,0.0401449574018949,8.425897224621
32.21236578826884,86.20233409563406,-2.2922484841871054,0.0333985009491807,8.975756699745302
31.766870682119148,86.72059498168514,-2.2861950007668810,-0.0156865450659136,9.493790659141691
31.315880732040554,87.23401033962327,-2.3008969589283268,-0.0271224654358630,9.98494698955168
30.85171577043606,87.74300160385387,-2.3159841060320021,-0.0167614631908795,10.456726852203015
30.377873343438708,88.25065752780273,-2.3116466567445419,0.0295944811831259,10.911701915558579
29.921926581837724,88.75955347101717,-2.2970731532016018,0.0125776647974869,11.341563657835795
29.470289093782426,89.27244170498916,-2.2892760735259365,0.0102432004362037,11.755790787973435
29.022252407909733,89.78847950823744,-2.2832222829184747,0.0074733270202627,12.0
28.576842968021282,90.30681532532081,-2.2844793435765425,-0.0111522522201619,12.0
28.127513013662025,90.8217219254414,-2.2882250093246821,0.0001907101665731,12.0
27.67825009929588,91.33668716446849,-2.2975378476693287,-0.0274412437608695,12.0
27.219339182900057,91.84321343650186,-2.3124778291994108,-0.0162945925009732,11.954119432374005
26.755256189369717,92.34412699481656,-2.3260573904726405,-0.0228841825921495,11.723401899634514
26.271366427497696,92.85011837871447,-2.3360125483107606,-0.0061121625013079,11.48203567099355
25.784801758202917,93.35456511303164,-2.3401988534376770,-0.0058407738470323,11.235222450394227
25.2962082344103,93.85698299285096,-2.3483365163411136,-0.0173837998495760,10.982880815843885
24.801577856574397,94.353364018627,-2.3738675859119462,-0.0554726614058828,10.724628441028766
24.287940776137162,94.83022735659671,-2.4135401199303947,-0.0593075458316611,10.459955948205922
23.76920769792339,95.2736357898963,-2.4389152959500926,-0.0137293981861425,10.195652516015018
23.256758824279885,95.7035101332722,-2.4517861303904187,-0.0239762751297578,9.929769285649227
22.726553108175096,96.13383717878855,-2.4779655071103033,-0.0546191721802000,9.650773449782852
22.195144685236087,96.53362154121635,-2.5013212885352960,-0.0142322221114009,9.371096175312235
21.662825280332896,96.92627792734872,-2.4984819038020181,0.0226538085913956,9.084364642277011
21.13091907654892,97.33114182822894,-2.5184160948026895,-0.0830031467570407,8.785101004528919
20.583791574816303,97.70179613963175,-2.5766533849874307,-0.0927941310921982,8.478864117066456
20.01812584457312,98.03648769967673,-2.6397767696391981,-0.0993597245624382,8.162905337002403
19.43531501382742,98.33192234657315,-2.7085898893861877,-0.1117028906466317,7.857330591890487
18.838108172516357,98.58196313091184,-2.7851043089100482,-0.1248207772991819,7.596116272802554
18.228630331337826,98.78129044810689,-2.8682284128572286,-0.1312713909408605,7.284570838465088
17.59513993406715,98.9304708538314,-2.9609127938694018,-0.1502300360336019,7.09390497201311
16.927409924902975,99.01898696645425,-3.0612357134046260,-0.1592672355324524,6.895676778386317
16.281702375364418,99.03624243933336,3.1111783260488863,-0.1688795823932120,6.719501719935871
15.607565984446225,98.97883241837783,2.9979068884905979,-0.1781858781394192,6.597156841094451
14.96202211531579,98.84530736974526,2.8790790578631480,-0.1804624393835700,6.594545697776945
14.346490385835864,98.6399627097985,2.7661321432497612,-0.1644911369952412,6.849733199959288
13.75528442756955,98.36966141053009,2.6578905729026108,-0.1673923747082907,6.847158240462634
13.19230758574001,98.03364113532092,2.5488872210933611,-0.1632164127938372,6.920020900359264
12.658206387234827,97.6308001326879,2.4363770801197306,-0.1678651703014885,6.725008522070682
12.149311288902553,97.14579725190967,2.3196007440849655,-0.1769904961262597,6.407808351462097
11.71501646443241,96.61592528410752,2.1915155908528670,-0.1978379605027341,6.147234032898908
11.36526765713461,96.04922569740667,2.0552503677644793,-0.2159961774637602,5.934596351208995
11.110984001583844,95.46819708321058,1.9099760831767743,-0.2230192952829144,5.9320841612551565
10.936509755708954,94.83397466038912,1.7725081557346476,-0.2004570829524081,6.2570224154431155
10.846363472546699,94.17416377187232,1.6468690464476676,-0.1748854407874320,6.652739571834705
10.834180780173511,93.49142367484768,1.5425132756586724,-0.1358427005125783,7.151768190712689
10.884837081789925,92.81422032847046,1.4567354893401019,-0.1194354206763897,7.605213161779122
10.986436513246261,92.16235326759005,1.3890022224151419,-0.0823170253369716,8.128418638813063
11.123413014539452,91.51636809683667,1.3413330078077514,-0.0632059181210995,8.651401710625406
11.284227283498979,90.88744028525585,1.3194935143180775,-0.0029447020455180,9.161605800415234
11.448748910670403,90.24913902359113,1.3104989350033893,-0.0247619455191296,9.652113908603374
11.620968931413103,89.62311032215624,1.3133256541470031,0.0333343519318826,10.112037381905498
11.781927982396311,88.98381412125103,1.3193025039465747,-0.0148899525749239,10.558540000826522
11.946962193920015,88.35432697289544,1.3262628908166132,0.0360948299147298,10.965959168997365
12.098671527197865,87.71443827670987,1.3255049868308451,-0.0382847363556147,11.124944780904451
12.26524011705088,87.08290497539704,1.3244160060451726,0.0351002867101240,10.887577905535258
12.41775580368028,86.44566198249805,1.3370617861585261,0.0036098978199540,10.644126613904165
12.568836509178325,85.80775123129395,1.3253049396755197,-0.0396415559204011,10.394853157423517
12.735709473775216,85.17661301225475,1.3272227510080219,0.0453247913992782,10.140530687443357
12.884932391091837,84.53577460329399,1.3242825862827399,-0.0545227358396611,9.877575630811442
13.054971901277852,83.90784403553431,1.3264734253221313,0.0610500380798549,9.610521916802483
13.201745377738533,83.26498155298067,1.3272678337736679,-0.0587270273241821,9.332035871664662
13.370461568478234,82.63806224921598,1.3304079920912519,0.0682429774577748,9.049480335174547
13.513244975826737,81.99422025440953,1.3401589728340024,-0.0378626087460577,8.753126269478152
13.670945070485658,81.35840579021912,1.3248215364340412,-0.0087324059942723,8.448466266701901
13.831841879798205,80.72520640039494,1.2886329768101401,-0.1022809731561851,8.13569198950722
14.034105917086663,80.10568648071808,1.2823174551028576,0.0820731559310515,7.808704570857181
14.204958133581158,79.46789380344259,1.3458236811177358,0.1109656611954405,7.462816174439298
14.329013696271915,78.81701624959062,1.4289672567636806,0.1369355904779826,7.135910346978438
14.394437829249213,78.14089154229494,1.5258622952675935,0.1519488123023877,6.791378467779339
14.389911202045425,77.46266381777319,1.6351005114847768,0.1710540885115018,6.454919040855122
14.307699277380507,76.79387246625801,1.7568079317074581,0.1947014023975737,6.2292320710301015
14.14479232729947,76.16013611505134,1.8880393151164157,0.2096914218273619,5.99178290714661
13.909193889658297,75.58014704783686,2.0274426782317567,0.2187783793993819,5.98930326858454
13.584749370786753,75.02016642938557,2.1623967701338520,0.1895106529678324,6.399018235888812
13.158566439671574,74.46293586809001,2.2723940912067482,0.1388426593454102,6.966926071075481
12.680459919844154,73.95003098430544,2.3491495526367210,0.0800525117437100,7.6223503207743475
12.174536765019099,73.46494273551859,2.3692456207805419,-0.0227952495437536,8.240928630079482
11.677604003239551,72.97301608743619,2.3408433945166411,-0.0599282102832865,8.79187043719861
11.213676240515753,72.47411937123032,2.2949197855817802,-0.0746349919917670,9.194919000133869
10.78325375271055,71.96175362506645,2.2539844053168991,-0.0463498091411291,9.67712088627522
10.368815720502411,71.43614073735759,2.2209524329178816,-0.0523618021761635,10.09205566369126
9.973050790035728,70.89632899002653,2.1960807725300411,-0.0219935923701508,10.546111038209753
9.585962188905484,70.35173146689229,2.1788890473451978,-0.0298274318132572,10.980644521142544
9.214771831304617,69.80697869442157,2.1677572591539445,-0.0035455423785415,11.39312433675966
8.84530148041037,69.26201905862764,2.1652660988148629,-0.0039992153672141,11.790711141971803
8.475588089815858,68.71359041184233,2.1481586888167179,-0.0475548961752647,12.0
8.121901518732841,68.15149666668852,2.1175568200640127,-0.0457632195913132,12.0
7.792378698450392,67.59110334036352,2.0935340765830670,-0.0271051406258758,12.0
7.472198592016085,67.02393720120585,2.0698356923619743,-0.0457377605212725,12.0
7.169184277065625,66.44774442487125,2.0601504871495084,0.0160631614131941,12.0
6.861315002628913,65.876864741144,2.0490847432725321,-0.0501654240704803,12.0
6.571739510755009,65.29534900140924,2.0373056999827917,0.0138550301024841,12.0
6.277641982930632,64.71782286800945,2.0475749263408574,0.0176936555230892,12.0
5.975068228898905,64.14018052928331,2.0504393880532170,-0.0088441999316850,12.0
5.677323768876477,63.563713763537095,2.0548016772728230,0.0222543184421091,12.0
5.3701532803411,62.98952308261802,2.0577470009065362,-0.0131544118633424,12.0
5.068530337925111,62.41391365860363,2.0541312155098259,0.0020470985481358,12.0
4.765197433226589,61.8369122695763,2.0524816588042478,-0.0071500600335300,12.0
4.466581951262924,61.26242095975013,2.0529135242965451,0.0084934916580053,12.0
4.163408583218171,60.68693468254929,2.0591774733197825,0.0107870688829769,12.0
3.855671695230072,60.11260322282391,2.0469518938746267,-0.0486193384513793,12.0
3.5681535380688914,59.53274502326691,2.0481618260257584,0.0523606097383268,12.0
3.2591893053220105,58.959460783716125,2.0571443695982623,-0.0244609833653785,12.0
2.9595055083735176,58.38154248545662,2.0571224351183890,0.0244024551696938,12.0
2.6506766113316473,57.80845312176035,2.0566936228054846,-0.0258382759533783,12.0
2.352881987635854,57.23291643168696,2.0565659409754833,0.0254024696705445,12.0
2.0436780687414355,56.65876151901345,2.0653663810031810,0.0017558699855069,12.0
1.73526676011317,56.08764218382625,2.0504928732116401,-0.0474278692629223,12.0
1.4435924343431523,55.505250253346205,2.0459854982961376,0.0335186272691801,12.0
1.1401689186903567,54.93101492210977,2.0509821439692679,-0.0182581417295731,12.0
0.8440487350630406,54.35415665995559,2.0581023775136167,0.0400849852470652,12.0
0.5317310815684237,53.78287324913538,2.0570433508868620,-0.0432047170933314,12.0
0.23580668108828462,53.203440679876124,2.0498240736614051,0.0210122521566460,12.0
-0.06846449787825293,52.62726358399411,2.0477292732651113,-0.0275980630959960,12.0
-0.36037178631172395,52.04966309611821,2.0516967143946472,0.0398017696803945,12.0
-0.6689939324869485,51.476285621182384,2.0619976670361062,-0.0079218475517576,12.0
-0.9745545690621213,50.90151252353206,2.0447772583014174,-0.0452430452255652,12.0
-1.261457079078241,50.321351129410516,2.0441159857230247,0.0431429619672457,11.853970382979986
-1.566729647115828,49.745257503011544,2.0572540461962223,-0.0025337750313928,11.631886798222524
-1.8701513623659736,49.17036663070981,2.0446848499115609,-0.0362528894221425,11.406156017812151
-2.15898466132154,48.59046598772487,2.0512286283926224,0.0562068696923074,11.210201825834602
-2.470849304529729,48.017750473374946,2.0573209699443860,-0.0373112291340805,10.975046786325562
-2.767462430620057,47.44007719633183,2.0398695735501509,-0.0163004465725661,10.735765695863721
-3.057571129965986,46.86005281336274,2.0519905882581746,0.0534018010462902,10.491349958789936
-3.369385685537239,46.28725403590303,2.0580330032720004,-0.0347610572510966,10.239680538587661
-3.666559289648724,45.71067994998265,2.0400190611498550,-0.0205735174156081,9.983077631740125
-3.9562834861668037,45.129638336361296,2.0552209497345668,0.0670777257512544,9.719449147460717
-4.2725128765090545,44.559219212158425,2.0532540751832533,-0.0732767131227007,9.44722207097026
-4.559367354563541,43.978140797591834,2.0370621172129137,0.0237024299878295,9.168740227510588
-4.856054722411727,43.39973483702336,2.0585615088956724,0.0423913838389723,8.88061509476168
-5.169520883092531,42.828038144634036,2.0678978103258956,-0.0137180806314638,8.58192055429323
-5.475815840585433,42.25741249169421,2.0861422199888251,0.0696441713502463,8.274556525270047
-5.810039506635839,41.697175720568765,2.0772638194282429,-0.0970669359782824,7.952950602969394
-6.106101526619192,41.12121001610913,2.0076082781151010,-0.1165310927006488,7.623122481510694
-6.359483274194119,40.52036374732968,1.9272146292762482,-0.1314633155342010,7.321802874508472
-6.559667266714925,39.9029925516228,1.8380465017457395,-0.1444905079009359,7.025412435977122
-6.699767369770505,39.27754351162832,1.7392643622009540,-0.1564068883230868,6.696453844859371
-6.778113154298829,38.61862213408884,1.6327307088051430,-0.1774828612420551,6.392372607363412
-6.780050401038601,37.98294185886863,1.5110822424632087,-0.1922094680290518,6.389854645646433
-6.7013511680470685,37.33465827805068,1.3882122731719111,-0.1900142932820149,6.426658441622722
-6.54386197718064,36.70376129484262,1.2707311092929778,-0.1706036830663865,6.7672752527542706
-6.3176397012111565,36.09450990587253,1.1685377039972122,-0.1436531850457436,7.166451702335145
-6.035304081663398,35.50844297586096,1.0861457192967210,-0.1094750098951682,7.64733812580451
-5.710979523545014,34.94233834036213,1.0435589278494763,-0.0214350706360857,8.222880103590152
-5.379439387510111,34.38193803925212,1.0554624531547692,0.0580159271840761,8.74457165847453
-5.069172842608893,33.80917003586487,1.0893836587154446,0.0464542857527960,9.25119773593292
-4.778198216916145,33.231033966765494,1.0925172527924580,-0.0368613110645154,9.728611874520425
-4.471744006120318,32.65677899094227,1.0795409623302996,-0.0032163549616721,9.96980285386368
-4.163903087242623,32.08282252106606,1.0783450827762682,-0.0004580336014420,9.704976386810506
-3.8560084622196626,31.509176752267937,1.0830813260184886,0.0150796237192662,9.432823093837795
-3.555188200657412,30.93529253195157,1.0619837948224937,-0.0796963046869189,9.15393749889185
-3.222654456160633,30.37372827410292,1.0456116249993244,0.0290843451143361,8.864168752106428
-2.9022870089408954,29.8085649654486,1.0811184623542047,0.0799016965107911,8.5659961032504
-2.6110160224741747,29.226133952354257,1.1388056521027767,0.0974357152872005,8.256310882279644
-2.3572030564933044,28.62625390361298,1.2021319346584587,0.0979189468587887,7.934465633780881
-2.1439163669555086,28.017056811242643,1.2695870447240827,0.1114401810899572,7.602111808573879
-1.9765962099588705,27.401105152441172,1.3479111301675468,0.1262398759952231,7.258506704835498
-1.854737945672241,26.741180676586286,1.4369794674119589,0.1447492124849594,6.904107366662317
-1.7973498406018038,26.069619926821,1.5411300653189475,0.1643648985277212,6.567056993551331
-1.8147463682232754,25.393527054320234,1.6565268347627189,0.1807205782252256,6.162668602593098
-1.9119110979509415,24.73660023460818,1.7868072775422741,0.2113393678866759,5.783979285764988
-2.0966926385997056,24.108651013712734,1.9371026902214714,0.2457957373000762,5.569451816281709
-2.378357605105812,23.520692299937938,2.0993866082880581,0.2532416839420379,5.566869535571319
-2.7492232321377585,22.991351747320156,2.2580159643143389,0.2344906922974001,5.785165221954571
-3.197661497490735,22.522359973279638,2.4045003349584313,0.2154257042429307,6.031181677431136
-3.7133164536419585,22.11617517854155,2.5477205219263741,0.2246084573645498,5.8308243401738515
-4.279901885184337,21.791654772167607,2.6994996158789393,0.2389560437981136,5.429798830415053
-4.89041852075853,21.559005710023488,2.8721139730846055,0.2801629618689284,5.240641094334009
-5.555058614160352,21.43946035143807,3.0610514818830321,0.2860434906723424,5.237966342190393
-6.2361225912587415,21.45038615843706,-3.0470790427511041,0.2334238594067514,5.79791687983485
-6.898339995661779,21.566798113047152,-2.9053012852562548,0.1956420066733168,6.2749103436077895
-7.506192492663217,21.756205681778926,-2.7837589237668778,0.1739510322215423,6.65230428171503
-8.093416642521952,22.01367512816616,-2.6773864699473560,0.1548694725659297,7.011180869507415
-8.66694085723529,22.337390546314754,-2.5873771404394912,0.1204021473342283,7.479638478158115
-9.222567639714029,22.71252970766891,-2.5138035807899453,0.1012065671261800,7.951828101572567
-9.751509845187918,23.12449902697065,-2.4529856901191369,0.0786813629633258,8.448085129187204
-10.267690824828605,23.57266279535224,-2.4187460803619736,0.0233882526727067,8.996687430724323
-10.768414699700806,24.021527896457645,-2.4235530394889429,-0.0376684487571416,9.50551648973559
-11.285889165251398,24.46216640427443,-2.4413713748273596,-0.0150784001683452,9.993504343743552
-11.810812105803805,24.89992149532237,-2.4451703792814801,0.0038810925308807,10.461316505587291
-12.334077814595979,25.33865209614059,-2.4489881679100680,-0.0153828850559186,10.908671738078207
-12.851024314689333,25.763010692462007,-2.4486554400875793,0.0163526414509916,11.329719028059825
-13.374153961390327,26.20221286678782,-2.4521827566292558,-0.0269005474600560,11.744159972484443
-13.89411390121463,26.622875875780093,-2.4481675346485678,0.0386574380390527,12.0
-14.413733636346507,27.06621865011107,-2.4453869348952120,-0.0299420432899051,12.0
-14.938183681557042,27.495533285772193,-2.4611200174377075,-0.0163374995420371,12.0
-15.464539480465177,27.91678648715524,-2.4518854267159682,0.0432456443526118,12.0
-15.985130042639788,28.359100730896767,-2.4530928403793739,-0.0471995097185588,12.0
-16.50840567340631,28.775697481218717,-2.4546453476913053,0.0426565721702006,12.0
-17.030323386096903,29.21638593314503,-2.4567652959267736,-0.0489926983536782,12.0
-17.555410034019843,29.630761709213726,-2.4565614110067120,0.0495775243724862,12.0
-18.077279264937843,30.07176645350022,-2.4332522067394464,0.0196995580362498,12.0
-18.59302948960474,30.519635468184983,-2.4411364481626308,-0.0436967422195427,12.0
-19.110804368554447,30.943098954214253,-2.4541370425453035,0.0056317081099015,12.0
-19.637896611992048,31.377541888554948,-2.4526152729299824,-0.0010667344155840,12.0
-20.161544917466124,31.808508148869212,-2.4501349610931022,0.0084472647679412,12.0
-20.67912419122515,32.239459355988885,-2.4415961782606654,0.0166100063191806,12.0
-21.19923129851386,32.68253307789166,-2.4467268772269009,-0.0318431801215772,12.0
-21.72128051678594,33.108148134031765,-2.4538374351164052,0.0111119288114706,12.0
-22.243659242101657,33.54060290460676,-2.4475253595534898,0.0075237400632898,12.0
-22.767621269162085,33.978909796903466,-2.4599241593036663,-0.0446985643674780,12.0
-23.293429105009423,34.392412084119925,-2.4704652064363657,0.0141189650636879,12.0
-23.815736940434213,34.811208939075954,-2.4800950736402143,-0.0428914480740016,12.0
-24.34965600901105,35.2146924788873,-2.5117591215655715,-0.0517067710652139,12.0
-24.897369182840933,35.59956719510967,-2.5372653834660879,-0.0249252399076865,12.0
-25.44219335835809,35.96909861945849,-2.5629540425578190,-0.0526387043670146,12.0
-26.000123665994117,36.31991335518521,-2.5968194859605811,-0.0507162678016563,12.0
-26.56349462831568,36.64853602289624,-2.6301063434172054,-0.0508255797707206,12.0
-27.137442791342217,36.958303876501645,-2.6639044463478330,-0.0531249314314657,11.975542990029918
-27.71835507681115,37.24637956062165,-2.6980475059908198,-0.0519570186516313,11.811552607134644
-28.30771983596092,37.51432433737001,-2.7327492421761708,-0.0552781867211386,11.695850315402257
-28.90504232004654,37.7605199040367,-2.7639185234855024,-0.0410051367712076,11.47276578836566
-29.51001601015051,37.99129723472912,-2.7911206205501760,-0.0429179710568704,11.244749225926832
-30.123881853569348,38.206083169982364,-2.8223964974091800,-0.0534499347504523,11.010973112392215
-30.74485946828917,38.399409937112836,-2.8562923593444118,-0.0504457555514302,10.772117896897939
-31.37609645586388,38.573359843530795,-2.8928464467174866,-0.0615992280626331,10.535317768224216
-32.01330048684,38.72160259155366,-2.9193483699493497,-0.0192812102441215,10.283926967256342
-32.65519428748952,38.86240668671827,-2.9366331508563803,-0.0332769448514456,10.025064054641897
-33.302592093559156,38.98961868637798,-2.9564207542380689,-0.0266651877617359,9.758262473143407
-33.95634231323717,39.106134828252635,-2.9706581656676825,-0.0164967444650374,9.48215527575677
-34.606962473818754,39.21477779756715,-2.9935032443916816,-0.0513572832814907,9.19968694491747
-35.27750238183616,39.303227531887,-3.0008346223507907,0.0291471448662280,8.900755748145835
-35.929244495380544,39.40213863152678,-3.0166409536114323,-0.0759870598080813,8.599407721121382
-36.6013355779534,39.46950902258912,-3.0736670005532662,-0.0913705740194725,8.279259579631336
-37.30087013777654,39.495450753928296,-3.0743885895373344,0.0890810448538994,7.933852526317174
-37.9742166409165,39.561911359597374,-3.0606726927899235,-0.0515877787225684,7.585055590971012
-38.649886663535696,39.60485201055252,-3.1035509673153072,-0.0726037612182179,7.219196850123012
-39.35021569041002,39.614281949236755,-3.1367554381024210,-0.0246255922136916,6.8200925999508275
-40.05086246302665,39.61162888524392,3.0931627669301172,-0.1318837325958791,6.395971287210684
-40.724851526285484,39.54765639430396,3.0710436176713030,0.0708859463872361,5.957541653424164
-41.40361999895558,39.51603449620775,3.0355914324056101,-0.1791216828150123,5.4823594616354185
-42.05817954696173,39.40579024917743,2.8920028292218785,-0.2520587697357159,4.974538840037444
-42.67851385135292,39.19105761747113,2.6978935630452945,-0.3463447056805709,4.415251741959969
-43.21982656931311,38.85365086143693,2.4334619486323614,-0.4689725472039430,3.7936241592568534
-43.64037372656701,38.3674328147428,2.0932016409751384,-0.5888109175085656,3.6389191160850216
-43.85218799290175,37.755343696563145,1.7037304221582961,-0.5935071641493102,3.6363539431416037
-43.81226474296053,37.082004132668956,1.3751925140179555,-0.4176648585089148,4.334759521437477
-43.59662062845632,36.46549352303839,1.1349482005794034,-0.3075632258981698,5.051397994390662
-43.266457840583215,35.91003627731686,0.9637177056132433,-0.2076504412599455,5.744429840172518
-42.84086376724302,35.377414899031834,0.8504201172210362,-0.1317962316367247,6.47349792900418
-42.35506965801856,34.871693834927314,0.7749378467935064,-0.0893392552913277,7.181908210654405
-41.85160735055299,34.40864084800772,0.7199921500990949,-0.0690617092684923,7.8196283598653595
-41.32681677318126,33.969860517394764,0.6759046640948112,-0.0611796608882387,8.401501993484558
-40.796184159790656,33.56228613824793,0.6640412450595412,0.0265342063943177,8.941619701093265
-40.26205314891907,33.13657568954538,0.6743572503059343,0.0043031817594422,9.461233278049233
-39.74023522803441,32.71819124985517,0.6889918752754665,0.0385453622307444,9.943772776339486
-39.218606449146066,32.277148458637555,0.6899697615798530,-0.0356217174957137,10.413544624635188
-38.697623932786456,31.857739505217797,0.6867889095508821,0.0263077840880876,10.853822334197494
-38.17321194926872,31.419975214569707,0.6988549220261535,0.0095704719834571,11.285790318265452
-37.651752535792966,30.978859452659545,0.6916723654327797,-0.0312535677285305,11.687948192618094
-37.13212078507961,30.557793962905027,0.6954910602335329,0.0424250117400054,11.986929137264061
-36.61388050106051,30.112641400697303,0.6963120771063274,-0.0395532696528596,12.0
-36.08954346077391,29.68619561264676,0.6854951299712186,0.0079716157955838,12.0
-35.56747320745028,29.25689933900013,0.6937873142183717,0.0163890008280179,12.0
-35.04464984891928,28.81713329505534,0.6928027993664898,-0.0194401140417335,12.0
-34.525421517729285,28.391934900918525,0.6894938504229264,0.0097885244274262,12.0
-34.001624352441766,27.957173863566485,0.6938887834939429,0.0032515363601188,12.0
-33.477072940934995,27.519819031807597,0.6958353764578096,0.0025114155688357,12.0
-32.96407460639729,27.0906185299219,0.6953589809102887,-0.0039061711076786,12.0
-32.43906585117636,26.653720834947425,0.6845298938070319,-0.0284753722081641,12.0
-31.916816130914086,26.235865940378748,0.6843109210301610,0.0278321334546564,12.0
-31.391579135072426,25.79916405842314,0.6937316839935033,0.0003345331836762,12.0
-30.871572216171085,25.36661063441419,0.6868362880860643,-0.0207578902370633,12.0
-30.346343135066878,24.942037957142315,0.6902618173555544,0.0305838596126194,12.0
-29.82414534801617,24.5016702853148,0.6862149449789854,-0.0429821883769232,12.0
-29.300513057398028,24.08551093137248,0.6862185910095691,0.0429937609172644,12.0
-28.77832948053571,23.645148526871036,0.6847536606447626,-0.0473721577901740,12.0
-28.253445739519375,23.23052391217937,0.6857705084612875,0.0503476280579978,12.0
-27.73213082766263,22.789096204345338,0.6902043761859984,-0.0370939085879153,12.0
-27.211034876004504,22.369826364393663,0.6886971055211513,0.0326825575977931,12.0
-26.68843233836347,21.929977820613804,0.6942949368510321,-0.0157599229334724,12.0
-26.16613388989264,21.499860196930857,0.6856640466315587,-0.0096224035647737,12.0
-25.642168871965218,21.07405841273889,0.6924280585699227,0.0293334376719329,12.0
-25.12070788327447,20.632756359078886,0.6869165925918139,-0.0460896154124550,12.0
-24.596923154005566,20.216783951084206,0.6823669777325585,0.0327754478554070,12.0
-24.07160168967463,19.78026975268762,0.6830542177875016,-0.0307210291281425,12.0
-23.548404050827997,19.363577355537917,0.6877832325094286,0.0445626949623466,12.0
-23.02712246195275,18.922108781451637,0.6906268553203678,-0.0360615225425477,12.0
-22.506354113562722,18.50243717919687,0.6883834711885704,0.0294950760191030,12.0
-21.983149200839264,18.063313358769978,0.6912997950614361,-0.0205302430880701,12.0
-21.458738183287544,17.635510228870974,0.6832624052650798,-0.0030388780015491,12.0
-20.934796559564305,17.209879385541758,0.6951127570548312,0.0377035683387783,12.0
-20.415757589966482,16.76569771802532,0.6949999053071916,-0.0383919640530262,12.0
-19.896500733264823,16.34417247009304,0.6860263628755652,0.0121238368427944,12.0
-19.369777506855513,15.909377348445215,0.6842539453016849,-0.0174237765793467,12.0
-18.8490065229241,15.489708978335191,0.6880752225812894,0.0286102066852783,12.0
-18.325525838237766,15.050892478563608,0.6959322109466464,-0.0050161070194175,12.0
-17.801343034508996,14.614534477428695,0.6892828861431215,-0.0147402317788124,12.0
-17.282360789840233,14.191187593589913,0.6919522974621954,0.0225335566728319,12.0
-16.75969172401532,13.751397650480573,0.6840987289768896,-0.0460446746749761,12.0
-16.23472275406197,13.33687755786595,0.6848681463166106,0.0482972912102479,12.0
-15.712722207990566,12.896290690182145,0.6864668317617624,-0.0435191737445922,12.0
-15.189118952576678,12.480095728382185,0.6893234618272075,0.0518805990345657,12.0
-14.669592378961141,12.036543755213525,0.7021282537179188,-0.0133092656457370,12.0
-14.146073949791194,11.597749475217714,0.6887974937920793,-0.0262698850897717,12.0
-13.625946007764774,11.177292498821036,0.6902838905928093,0.0306224623480864,12.0
-13.103731015724854,10.736968620901369,0.6833977298933620,-0.0512065602267601,12.0
-12.577720357261875,10.323726022181066,0.6841765552827730,0.0534854786514301,12.0
-12.056170693326585,9.882586206883282,0.6872896770667500,-0.0441817489357066,12.0
-11.532819494317728,9.466082131067477,0.6846518919192222,0.0364546135386759,12.0
-11.008914325135649,9.027622443044795,0.7024605250054679,0.0164472639319585,12.0
-10.490061412493816,8.583384007095969,0.6914659682832509,-0.0496760599221376,12.0
-9.96768279729794,8.165687185203677,0.6871168914937287,0.0369409233239701,12.0
-9.445012942379925,7.725921136754312,0.6870923246808984,-0.0370143665126595,12.0
-8.922613340272747,7.308250052547333,0.6848999365801878,0.0305968664290947,12.0
-8.398070583876404,6.870780871329394,0.6848931435470291,-0.0306171752048685,12.0
-7.875665178673401,6.4531169038559,0.6865509462721784,0.0354655837734403,12.0
-7.352473147933331,6.013857244854165,0.7003203340375670,0.0055897839443043,12.0
-6.831059070341055,5.572685141238264,0.6911528132823239,-0.0331236026302275,12.0
-6.3109377874817625,5.152219998249311,0.6908374085584787,0.0321964010245089,12.0
-5.78918901060441,4.711324368776175,0.6871474221718947,-0.0432282110047665,12.0
-5.265915399088222,4.294725142109385,0.6861697815654009,0.0403636516939906,12.0
-4.743286287292399,3.8548167642345383,0.7031401524342855,0.0101643107930313,12.0
-4.223744196163409,3.411307288388155,0.6905635704037212,-0.0479882799518752,12.0
-3.701227282321227,2.99378007158861,0.6847941128073409,0.0310996285259498,12.0
-3.1767114354150507,2.556277889421665,0.6835018304315645,-0.0349628345658835,12.0
