s_m,x_m,y_m,psi_rad,kappa_radpm,vx_mps,ax_mps2
0.0000000,16.091,98.27,3.333,0.141,7.804,0.0
0.2012213,15.894,98.229,3.362,0.144,7.768,0.0
0.4006003,15.7,98.183,3.391,0.148,7.735,0.0
0.6007453,15.507,98.13,3.421,0.152,7.707,0.0
0.8013144,15.315,98.072,3.452,0.156,7.683,0.0
1.0008564,15.126,98.008,3.484,0.159,7.663,0.0
1.2005287,14.939,97.938,3.516,0.162,7.645,0.0
1.4005312,14.754,97.862,3.548,0.163,7.628,0.0
1.6001508,14.572,97.78,3.581,0.163,7.61,0.0
1.7996126,14.393,97.692,3.613,0.163,7.592,0.0
2.0000246,14.216,97.598,3.646,0.163,7.573,0.0
2.1993485,14.043,97.499,3.678,0.163,7.552,0.0
2.4000124,13.872,97.394,3.711,0.164,7.53,0.0
2.5991505,13.706,97.284,3.744,0.165,7.508,0.0
2.7992130,13.543,97.168,3.777,0.166,7.487,0.0
2.9996251,13.384,97.046,3.81,0.169,7.468,0.0
3.1986025,13.23,96.92,3.844,0.171,7.451,0.0
3.3991642,13.079,96.788,3.879,0.173,7.436,0.0
3.5986485,12.934,96.651,3.914,0.176,7.425,0.0
3.7987610,12.793,96.509,3.949,0.179,7.417,0.0
3.9990233,12.657,96.362,3.985,0.18,7.411,0.0
4.1982744,12.527,96.211,4.021,0.182,7.407,0.0
4.3989583,12.402,96.054,4.058,0.182,7.404,0.0
4.5977647,12.284,95.894,4.094,0.179,7.401,0.0
4.7977497,12.171,95.729,4.129,0.175,7.402,0.0
4.9977747,12.064,95.56,4.164,0.17,7.41,0.0
5.1972365,11.963,95.388,4.197,0.164,7.424,0.0
5.3977159,11.867,95.212,4.23,0.159,7.446,0.0
5.5980681,11.777,95.033,4.261,0.154,7.474,0.0
5.7980331,11.692,94.852,4.291,0.15,7.507,0.0
5.9982754,11.613,94.668,4.321,0.145,7.546,0.0
6.1971573,11.54,94.483,4.35,0.141,7.588,0.0
6.3974196,11.471,94.295,4.377,0.137,7.634,0.0
6.5975921,11.408,94.105,4.404,0.133,7.684,0.0
6.7972042,11.35,93.914,4.43,0.129,7.736,0.0
6.9973491,11.297,93.721,4.456,0.125,7.791,0.0
7.1984113,11.248,93.526,4.481,0.122,7.849,0.0
7.3971196,11.205,93.332,4.505,0.119,7.908,0.0
7.5969621,11.166,93.136,4.528,0.115,7.97,0.0
7.7978601,11.132,92.938,4.551,0.112,8.033,0.0
7.9971312,11.102,92.741,4.573,0.109,8.098,0.0
8.1978225,11.076,92.542,4.595,0.106,8.164,0.0
8.3979275,11.055,92.343,4.616,0.103,8.232,0.0
8.5977399,11.037,92.144,4.636,0.1,8.301,0.0
8.7971641,11.024,91.945,4.656,0.098,8.371,0.0
8.9973665,11.015,91.745,4.675,0.095,8.443,0.0
9.1974565,11.009,91.545,4.694,0.092,8.5,0.0
9.3974665,11.007,91.345,4.712,0.089,8.5,0.0
9.5974765,11.009,91.145,4.729,0.087,8.5,0.0
9.7975390,11.014,90.945,4.746,0.084,8.5,0.0
9.9966997,11.022,90.746,4.763,0.082,8.5,0.0
10.1970594,11.034,90.546,4.779,0.079,8.5,0.0
10.3976211,11.049,90.346,4.795,0.076,8.5,0.0
10.5974335,11.067,90.147,4.81,0.074,8.5,0.0
10.7975385,11.088,89.948,4.824,0.071,8.5,0.0
10.9968699,11.111,89.75,4.838,0.069,8.5,0.0
11.1967023,11.138,89.552,4.852,0.066,8.5,0.0
11.3968148,11.167,89.354,4.864,0.063,8.5,0.0
11.5972268,11.198,89.156,4.877,0.061,8.5,0.0
11.7971393,11.232,88.959,4.889,0.058,8.5,0.0
11.9964180,11.268,88.763,4.9,0.055,8.5,0.0
12.1972413,11.307,88.566,4.911,0.052,8.5,0.0
12.3972813,11.347,88.37,4.921,0.05,8.5,0.0
12.5967531,11.389,88.175,4.931,0.047,8.5,0.0
12.7968781,11.434,87.98,4.94,0.044,8.5,0.0
12.9972303,11.48,87.785,4.948,0.041,8.5,0.0
13.1968424,11.527,87.591,4.956,0.039,8.5,0.0
13.3969349,11.576,87.397,4.964,0.036,8.5,0.0
13.5965595,11.627,87.204,4.971,0.033,8.5,0.0
13.7961842,11.678,87.011,4.977,0.031,8.5,0.0
13.9963291,11.731,86.818,4.983,0.028,8.5,0.0
14.1967412,11.785,86.625,4.988,0.026,8.5,0.0
14.3964635,11.84,86.433,4.993,0.023,8.5,0.0
14.5964635,11.896,86.241,4.998,0.021,8.5,0.0
14.7967458,11.953,86.049,5.002,0.018,8.5,0.0
14.9960697,12.01,85.858,5.005,0.016,8.5,0.0
15.1956818,12.068,85.667,5.008,0.013,8.5,0.0
15.3965424,12.127,85.475,5.011,0.011,8.5,0.0
15.5964474,12.186,85.284,5.012,0.008,8.5,0.0
15.7963524,12.245,85.093,5.014,0.005,8.5,0.0
15.9962574,12.304,84.902,5.015,0.002,8.5,0.0
16.1955060,12.364,84.712,5.015,-0.0,8.5,0.0
16.3954109,12.423,84.521,5.014,-0.003,8.5,0.0
16.5956133,12.483,84.33,5.013,-0.007,8.5,0.0
16.7955183,12.542,84.139,5.012,-0.01,8.5,0.0
16.9954233,12.601,83.948,5.01,-0.013,8.5,0.0
17.1959925,12.659,83.756,5.007,-0.016,8.5,0.0
17.3956046,12.717,83.565,5.003,-0.019,8.5,0.0
17.5956046,12.773,83.373,4.999,-0.022,8.5,0.0
17.7958869,12.83,83.181,4.994,-0.025,8.5,0.0
17.9956092,12.885,82.989,4.989,-0.027,8.5,0.0
18.1960213,12.939,82.796,4.984,-0.03,8.5,0.0
18.3952021,12.992,82.604,4.977,-0.033,8.5,0.0
18.5950846,13.044,82.411,4.97,-0.035,8.5,0.0
18.7954243,13.094,82.217,4.963,-0.038,8.5,0.0
18.9955168,13.143,82.023,4.955,-0.041,8.5,0.0
19.1951289,13.19,81.829,4.947,-0.043,8.5,0.0
19.3954811,13.236,81.634,4.938,-0.046,8.5,0.0
19.5951658,13.279,81.439,4.928,-0.049,8.5,0.0
19.7946376,13.321,81.244,4.918,-0.052,8.5,0.0
19.9946776,13.361,81.048,4.907,-0.056,8.5,0.0
20.1953091,13.399,80.851,4.896,-0.059,8.5,0.0
20.3944096,13.434,80.655,4.884,-0.063,8.5,0.0
20.5951408,13.467,80.457,4.871,-0.067,8.5,0.0
20.7944119,13.497,80.26,4.857,-0.07,8.5,0.0
20.9943819,13.525,80.062,4.843,-0.074,8.5,0.0
21.1948239,13.549,79.863,4.827,-0.077,8.5,0.0
21.3949289,13.57,79.664,4.812,-0.081,8.5,0.0
21.5948339,13.589,79.465,4.795,-0.085,8.5,0.0
21.7943257,13.603,79.266,4.778,-0.087,8.5,0.0
21.9946854,13.615,79.066,4.76,-0.09,8.5,0.0
22.1948079,13.622,78.866,4.742,-0.093,8.5,0.0
22.3948479,13.626,78.666,4.723,-0.095,8.5,0.0
22.5948504,13.627,78.466,4.704,-0.097,8.5,0.0
22.7938906,13.623,78.267,4.684,-0.098,8.5,0.0
22.9950497,13.615,78.066,4.664,-0.098,8.5,0.0
23.1943535,13.604,77.867,4.645,-0.097,8.5,0.0
23.3939957,13.588,77.668,4.626,-0.095,8.5,0.0
23.5948962,13.569,77.468,4.607,-0.091,8.5,0.0
23.7942275,13.546,77.27,4.589,-0.087,8.5,0.0
23.9939273,13.52,77.072,4.572,-0.084,8.5,0.0
24.1930504,13.491,76.875,4.556,-0.081,8.5,0.0
24.3937816,13.458,76.677,4.54,-0.076,8.5,0.0
24.5920768,13.422,76.482,4.525,-0.076,8.5,0.0
24.7919192,13.383,76.286,4.51,-0.075,8.5,0.0
24.9933466,13.341,76.089,4.495,-0.074,8.5,0.0
25.1912987,13.297,75.896,4.48,-0.072,8.5,0.0
25.3918828,13.25,75.701,4.466,-0.071,8.5,0.0
25.5934417,13.199,75.506,4.452,-0.071,8.5,0.0
25.7923588,13.147,75.314,4.438,-0.073,8.5,0.0
25.9923588,13.091,75.122,4.423,-0.074,8.5,0.0
26.1932194,13.032,74.93,4.408,-0.076,8.5,0.0
26.3918195,12.971,74.741,4.393,-0.076,8.5,0.0
26.5923089,12.907,74.551,4.377,-0.076,8.5,0.0
26.7931696,12.839,74.362,4.362,-0.076,8.5,0.0
26.9928418,12.769,74.175,4.347,-0.075,8.5,0.0
27.1922911,12.697,73.989,4.332,-0.073,8.5,0.0
27.3932189,12.621,73.803,4.318,-0.072,8.5,0.0
27.5930689,12.543,73.619,4.304,-0.07,8.5,0.0
27.7931938,12.462,73.436,4.29,-0.068,8.5,0.0
27.9923169,12.379,73.255,4.277,-0.066,8.5,0.0
28.1927090,12.293,73.074,4.264,-0.063,8.5,0.0
28.3930687,12.205,72.894,4.251,-0.061,8.5,0.0
28.5925280,12.115,72.716,4.239,-0.059,8.5,0.0
28.7928976,12.023,72.538,4.228,-0.057,8.5,0.0
28.9924271,11.929,72.362,4.217,-0.054,8.5,0.0
29.1920292,11.833,72.187,4.206,-0.052,8.5,0.0
29.3926008,11.735,72.012,4.196,-0.05,8.5,0.0
29.5924233,11.635,71.839,4.186,-0.048,8.5,0.0
29.7927480,11.534,71.666,4.176,-0.047,8.5,0.0
29.9923727,11.431,71.495,4.167,-0.045,8.5,0.0
30.1925151,11.327,71.324,4.158,-0.043,8.5,0.0
30.3920070,11.221,71.155,4.15,-0.042,8.5,0.0
30.5925687,11.113,70.986,4.142,-0.041,8.5,0.0
30.7922885,11.005,70.818,4.134,-0.039,8.5,0.0
30.9922610,10.895,70.651,4.126,-0.037,8.5,0.0
31.1925108,10.783,70.485,4.119,-0.034,8.5,0.0
31.3919325,10.671,70.32,4.112,-0.03,8.5,0.0
31.5919175,10.558,70.155,4.107,-0.027,8.5,0.0
31.7916473,10.444,69.991,4.102,-0.021,8.5,0.0
31.9919496,10.329,69.827,4.098,-0.016,8.5,0.0
32.1920121,10.213,69.664,4.096,-0.011,8.5,0.0
32.3920745,10.097,69.501,4.094,-0.007,8.5,0.0
32.5921370,9.981,69.338,4.093,-0.004,8.5,0.0
32.7913856,9.865,69.176,4.092,-0.0,8.5,0.0
32.9914481,9.749,69.013,4.092,0.0,8.5,0.0
33.1915106,9.633,68.85,4.092,0.001,8.5,0.0
33.3907592,9.517,68.688,4.093,0.002,8.5,0.0
33.5914032,9.4,68.525,4.093,0.002,8.5,0.0
33.7914656,9.284,68.362,4.093,0.002,8.5,0.0
33.9915281,9.168,68.199,4.094,0.002,8.5,0.0
34.1915906,9.052,68.036,4.094,0.002,8.5,0.0
34.3910750,8.937,67.873,4.095,0.002,8.5,0.0
34.5911375,8.821,67.71,4.095,0.002,8.5,0.0
34.7911999,8.705,67.547,4.095,0.002,8.5,0.0
34.9912624,8.589,67.384,4.096,0.002,8.5,0.0
35.1907468,8.474,67.221,4.096,0.002,8.5,0.0
35.3908093,8.358,67.058,4.097,0.002,8.5,0.0
35.5911115,8.243,66.894,4.097,0.003,8.5,0.0
35.7905959,8.128,66.731,4.098,0.003,8.5,0.0
35.9906584,8.012,66.568,4.098,0.003,8.5,0.0
36.1909606,7.897,66.404,4.099,0.003,8.5,0.0
36.3904450,7.782,66.241,4.099,0.003,8.5,0.0
36.5907472,7.667,66.077,4.1,0.003,8.5,0.0
36.7902316,7.552,65.914,4.101,0.003,8.5,0.0
36.9905338,7.437,65.75,4.101,0.003,8.5,0.0
37.1902637,7.323,65.586,4.102,0.003,8.5,0.0
37.3905659,7.208,65.422,4.103,0.003,8.5,0.0
37.5902957,7.094,65.258,4.103,0.003,8.5,0.0
37.7905980,6.979,65.094,4.104,0.003,8.5,0.0
37.9903278,6.865,64.93,4.105,0.004,8.5,0.0
38.1900577,6.751,64.766,4.105,0.004,8.5,0.0
38.3897875,6.637,64.602,4.106,0.004,8.5,0.0
38.5903392,6.523,64.437,4.107,0.004,8.5,0.0
38.7900690,6.409,64.273,4.107,0.004,8.5,0.0
38.9900540,6.296,64.108,4.108,0.004,8.5,0.0
39.1897838,6.182,63.944,4.109,0.004,8.5,0.0
39.3897688,6.069,63.779,4.11,0.004,8.5,0.0
39.5903206,5.955,63.614,4.111,0.004,8.5,0.0
39.7903056,5.842,63.449,4.111,0.004,8.5,0.0
39.9902906,5.729,63.284,4.112,0.004,8.5,0.0
40.1897122,5.617,63.119,4.113,0.004,8.5,0.0
40.3896972,5.504,62.954,4.114,0.004,8.5,0.0
40.5896822,5.391,62.789,4.115,0.004,8.5,0.0
40.7891039,5.279,62.624,4.116,0.004,8.5,0.0
40.9893538,5.167,62.458,4.117,0.004,8.5,0.0
41.1893388,5.054,62.293,4.117,0.005,8.5,0.0
41.3895886,4.942,62.127,4.118,0.005,8.5,0.0
41.5892809,4.831,61.961,4.119,0.005,8.5,0.0
41.7895307,4.719,61.795,4.12,0.005,8.5,0.0
41.9897805,4.607,61.629,4.121,0.005,8.5,0.0
42.1894728,4.496,61.463,4.122,0.005,8.5,0.0
42.3891651,4.385,61.297,4.123,0.005,8.5,0.0
42.5888573,4.274,61.131,4.124,0.005,8.5,0.0
42.7885496,4.163,60.965,4.125,0.005,8.5,0.0
42.9890739,4.052,60.798,4.126,0.005,8.5,0.0
43.1890464,3.942,60.631,4.127,0.005,8.5,0.0
43.3887387,3.831,60.465,4.128,0.005,8.5,0.0
43.5887112,3.721,60.298,4.129,0.005,8.5,0.0
43.7886837,3.611,60.131,4.13,0.005,8.5,0.0
43.9886562,3.501,59.964,4.131,0.005,8.5,0.0
44.1886287,3.391,59.797,4.132,0.005,8.5,0.0
44.3888910,3.282,59.629,4.133,0.005,8.5,0.0
44.5888635,3.172,59.462,4.134,0.005,8.5,0.0
44.7882877,3.063,59.295,4.135,0.005,8.5,0.0
44.9885500,2.954,59.127,4.136,0.005,8.5,0.0
45.1882698,2.846,58.959,4.138,0.006,8.5,0.0
45.3885321,2.737,58.791,4.139,0.006,8.5,0.0
45.5887945,2.628,58.623,4.14,0.006,8.5,0.0
45.7885143,2.52,58.455,4.141,0.006,8.5,0.0
45.9882341,2.412,58.287,4.142,0.006,8.5,0.0
46.1879539,2.304,58.119,4.143,0.006,8.5,0.0
46.3879789,2.197,57.95,4.144,0.006,8.5,0.0
46.5885406,2.089,57.781,4.146,0.006,8.5,0.0
46.7877214,1.982,57.613,4.147,0.006,8.5,0.0
46.9877464,1.875,57.444,4.148,0.006,8.5,0.0
47.1877714,1.768,57.275,4.149,0.006,8.5,0.0
47.3877964,1.661,57.106,4.15,0.006,8.5,0.0
47.5881361,1.555,56.936,4.152,0.006,8.5,0.0
47.7876280,1.449,56.767,4.153,0.006,8.5,0.0
47.9871198,1.343,56.598,4.154,0.006,8.5,0.0
48.1874595,1.237,56.428,4.155,0.006,8.5,0.0
48.3877992,1.131,56.258,4.157,0.006,8.5,0.0
48.5876116,1.026,56.088,4.158,0.007,8.5,0.0
48.7874241,0.921,55.918,4.159,0.007,8.5,0.0
48.9872365,0.816,55.748,4.161,0.007,8.5,0.0
49.1879004,0.711,55.577,4.162,0.007,8.5,0.0
49.3871891,0.607,55.407,4.163,0.007,8.5,0.0
49.5873316,0.503,55.236,4.165,0.007,8.5,0.0
49.7866203,0.399,55.066,4.166,0.007,8.5,0.0
49.9867627,0.295,54.895,4.168,0.007,8.5,0.0
50.1869052,0.191,54.724,4.169,0.007,8.5,0.0
50.3873871,0.088,54.552,4.17,0.007,8.5,0.0
50.5870118,-0.015,54.381,4.172,0.007,8.5,0.0
50.7874937,-0.118,54.209,4.173,0.007,8.5,0.0
50.9866042,-0.22,54.038,4.175,0.007,8.5,0.0
51.1870861,-0.323,53.866,4.176,0.007,8.5,0.0
51.3870561,-0.425,53.694,4.178,0.007,8.5,0.0
51.5865179,-0.526,53.522,4.179,0.007,8.5,0.0
51.7864879,-0.628,53.35,4.181,0.008,8.5,0.0
51.9868126,-0.729,53.177,4.182,0.008,8.5,0.0
52.1862744,-0.83,53.005,4.184,0.008,8.5,0.0
52.3865991,-0.931,52.832,4.185,0.008,8.5,0.0
52.5864216,-1.031,52.659,4.187,0.008,8.5,0.0
52.7867463,-1.132,52.486,4.188,0.008,8.5,0.0
52.9860702,-1.231,52.313,4.19,0.008,8.5,0.0
53.1858926,-1.331,52.14,4.191,0.008,8.5,0.0
53.3865814,-1.431,51.966,4.193,0.008,8.5,0.0
53.5867738,-1.53,51.792,4.195,0.008,8.5,0.0
53.7856029,-1.628,51.619,4.196,0.008,8.5,0.0
53.9857953,-1.727,51.445,4.198,0.008,8.5,0.0
54.1863670,-1.825,51.27,4.199,0.008,8.5,0.0
54.3860667,-1.923,51.096,4.201,0.008,8.5,0.0
54.5857665,-2.021,50.922,4.203,0.008,8.5,0.0
54.7858515,-2.118,50.747,4.204,0.008,8.5,0.0
54.9859365,-2.215,50.572,4.206,0.008,8.5,0.0
55.1860215,-2.312,50.397,4.208,0.009,8.5,0.0
55.3861064,-2.409,50.222,4.21,0.009,8.5,0.0
55.5857085,-2.505,50.047,4.211,0.009,8.5,0.0
55.7861880,-2.601,49.871,4.213,0.009,8.5,0.0
55.9857901,-2.697,49.696,4.215,0.009,8.5,0.0
56.1857926,-2.792,49.52,4.216,0.009,8.5,0.0
56.3857951,-2.887,49.344,4.218,0.009,8.5,0.0
56.5853245,-2.981,49.168,4.22,0.009,8.5,0.0
56.7853270,-3.076,48.992,4.222,0.01,8.5,0.0
56.9857391,-3.17,48.815,4.224,0.011,8.5,0.0
57.1847994,-3.263,48.639,4.226,0.011,8.5,0.0
57.3852115,-3.357,48.462,4.229,0.012,8.5,0.0
57.5846933,-3.449,48.285,4.231,0.013,8.5,0.0
57.7855241,-3.542,48.107,4.234,0.014,8.5,0.0
57.9850059,-3.634,47.93,4.237,0.016,8.5,0.0
58.1849184,-3.725,47.752,4.24,0.017,8.5,0.0
58.3852706,-3.815,47.573,4.244,0.019,8.5,0.0
58.5847298,-3.905,47.395,4.248,0.021,8.5,0.0
58.7850820,-3.995,47.216,4.252,0.024,8.5,0.0
58.9845438,-4.083,47.037,4.257,0.027,8.5,0.0
59.1844663,-4.17,46.857,4.263,0.031,8.5,0.0
59.3852896,-4.257,46.676,4.27,0.033,8.5,0.0
59.5843499,-4.342,46.496,4.276,0.035,8.5,0.0
59.7843824,-4.425,46.314,4.284,0.037,8.5,0.0
59.9844149,-4.508,46.132,4.291,0.039,8.5,0.0
60.1845398,-4.589,45.949,4.299,0.04,8.5,0.0
60.3847822,-4.668,45.765,4.307,0.041,8.5,0.0
60.5837118,-4.746,45.582,4.316,0.042,8.5,0.0
60.7840965,-4.823,45.397,4.324,0.044,8.5,0.0
60.9846482,-4.898,45.211,4.333,0.045,8.5,0.0
61.1844606,-4.971,45.025,4.342,0.047,8.5,0.0
61.3835510,-5.042,44.839,4.352,0.048,8.5,0.0
61.5841601,-5.112,44.651,4.361,0.049,8.5,0.0
61.7840801,-5.18,44.463,4.371,0.051,8.5,0.0
61.9842725,-5.246,44.274,4.382,0.053,8.5,0.0
62.1838145,-5.31,44.085,4.393,0.054,8.5,0.0
62.3846253,-5.372,43.894,4.404,0.056,8.5,0.0
62.5835751,-5.431,43.704,4.415,0.057,8.5,0.0
62.7841443,-5.489,43.512,4.427,0.059,8.5,0.0
62.9838666,-5.544,43.32,4.439,0.061,8.5,0.0
63.1840115,-5.597,43.127,4.451,0.063,8.5,0.0
63.3833830,-5.647,42.934,4.464,0.064,8.5,0.0
63.5842038,-5.695,42.739,4.477,0.066,8.5,0.0
63.7835829,-5.741,42.545,4.49,0.068,8.5,0.0
63.9842443,-5.784,42.349,4.504,0.069,8.5,0.0
64.1842843,-5.824,42.153,4.518,0.071,8.5,0.0
64.3837461,-5.861,41.957,4.532,0.072,8.5,0.0
64.5836585,-5.895,41.76,4.547,0.074,8.5,0.0
64.7842277,-5.927,41.562,4.562,0.075,8.5,0.0
64.9841977,-5.955,41.364,4.577,0.076,8.5,0.0
65.1838975,-5.981,41.166,4.592,0.078,8.5,0.0
65.3841099,-6.003,40.967,4.608,0.078,8.5,0.0
65.5841124,-6.023,40.768,4.624,0.079,8.5,0.0
65.7837546,-6.039,40.569,4.639,0.08,8.5,0.0
65.9841766,-6.052,40.369,4.656,0.08,8.5,0.0
66.1844265,-6.062,40.169,4.672,0.081,8.5,0.0
66.3835169,-6.068,39.97,4.688,0.081,8.5,0.0
66.5835394,-6.071,39.77,4.704,0.082,8.5,0.0
66.7835394,-6.071,39.57,4.721,0.084,8.5,0.0
66.9825620,-6.068,39.371,4.738,0.085,8.5,0.0
67.1836839,-6.061,39.17,4.755,0.086,8.5,0.0
67.3839337,-6.051,38.97,4.772,0.087,8.5,0.0
67.5823600,-6.038,38.772,4.79,0.089,8.5,0.0
67.7831684,-6.02,38.572,4.808,0.09,8.5,0.0
67.9831709,-6.0,38.373,4.826,0.092,8.5,0.0
68.1827429,-5.975,38.175,4.844,0.093,8.5,0.0
68.3827129,-5.947,37.977,4.863,0.095,8.5,0.0
68.5822950,-5.915,37.78,4.882,0.097,8.5,0.0
68.7825573,-5.879,37.583,4.902,0.097,8.5,0.0
68.9823998,-5.84,37.387,4.921,0.095,8.5,0.0
69.1820845,-5.797,37.192,4.94,0.093,8.5,0.0
69.3816966,-5.75,36.998,4.958,0.089,8.5,0.0
69.5810681,-5.7,36.805,4.975,0.085,8.5,0.0
69.7814802,-5.646,36.612,4.992,0.082,8.5,0.0
69.9817625,-5.589,36.42,5.008,0.077,8.5,0.0
70.1816675,-5.53,36.229,5.023,0.073,8.5,0.0
70.3818399,-5.467,36.039,5.037,0.069,8.5,0.0
70.5817049,-5.402,35.85,5.05,0.064,8.5,0.0
70.7812869,-5.335,35.662,5.063,0.059,8.5,0.0
70.9818960,-5.265,35.474,5.074,0.055,8.5,0.0
71.1813453,-5.193,35.288,5.085,0.05,8.5,0.0
71.3815252,-5.119,35.102,5.094,0.046,8.5,0.0
71.5811498,-5.044,34.917,5.103,0.041,8.5,0.0
71.7815344,-4.967,34.732,5.111,0.036,8.5,0.0
71.9813844,-4.889,34.548,5.117,0.032,8.5,0.0
72.1816267,-4.81,34.364,5.123,0.027,8.5,0.0
72.3808377,-4.729,34.182,5.128,0.023,8.5,0.0
72.5809626,-4.648,33.999,5.133,0.018,8.5,0.0
72.7814944,-4.566,33.816,5.136,0.014,8.5,0.0
72.9811141,-4.484,33.634,5.138,0.01,8.5,0.0
73.1811466,-4.401,33.452,5.14,0.005,8.5,0.0
73.3811791,-4.318,33.27,5.14,0.001,8.5,0.0
73.5812116,-4.235,33.088,5.14,-0.003,8.5,0.0
73.7812441,-4.152,32.906,5.139,-0.007,8.5,0.0
73.9808637,-4.07,32.724,5.137,-0.012,8.5,0.0
74.1804833,-3.988,32.542,5.134,-0.016,8.5,0.0
74.3810151,-3.906,32.359,5.131,-0.02,8.5,0.0
74.5811401,-3.825,32.176,5.126,-0.024,8.5,0.0
74.7808624,-3.745,31.993,5.121,-0.028,8.5,0.0
74.9801863,-3.666,31.81,5.115,-0.032,8.5,0.0
75.1809573,-3.588,31.625,5.108,-0.036,8.5,0.0
75.3800352,-3.512,31.441,5.101,-0.04,8.5,0.0
75.5805869,-3.437,31.255,5.092,-0.044,8.5,0.0
75.7803993,-3.364,31.069,5.083,-0.048,8.5,0.0
75.9807814,-3.292,30.882,5.073,-0.052,8.5,0.0
76.1801053,-3.223,30.695,5.062,-0.056,8.5,0.0
76.3809659,-3.155,30.506,5.05,-0.06,8.5,0.0
76.5808309,-3.09,30.317,5.038,-0.063,8.5,0.0
76.7800544,-3.027,30.128,5.025,-0.067,8.5,0.0
76.9802568,-2.967,29.937,5.011,-0.071,8.5,0.0
77.1808260,-2.909,29.745,4.997,-0.074,8.5,0.0
77.3802752,-2.855,29.553,4.982,-0.077,8.479,0.0
77.5801577,-2.803,29.36,4.966,-0.081,8.372,0.0
77.7800076,-2.755,29.166,4.949,-0.084,8.266,0.0
77.9803598,-2.709,28.971,4.932,-0.087,8.16,0.0
78.1798316,-2.667,28.776,4.915,-0.09,8.054,0.0
78.3804631,-2.629,28.579,4.896,-0.094,7.949,0.0
78.5805481,-2.594,28.382,4.877,-0.097,7.843,0.0
78.7799723,-2.563,28.185,4.857,-0.1,7.737,0.0
78.9807956,-2.536,27.986,4.837,-0.104,7.63,0.0
79.1810080,-2.514,27.787,4.816,-0.107,7.523,0.0
79.3799175,-2.495,27.589,4.794,-0.111,7.416,0.0
79.5804069,-2.481,27.389,4.772,-0.114,7.308,0.0
79.7806093,-2.472,27.189,4.748,-0.118,7.197,0.0
79.9796721,-2.467,26.99,4.725,-0.121,7.085,0.0
80.1806721,-2.467,26.789,4.7,-0.124,6.97,0.0
80.3807346,-2.472,26.589,4.675,-0.128,6.853,0.0
80.5799857,-2.482,26.39,4.649,-0.131,6.732,0.0
80.7805474,-2.497,26.19,4.622,-0.138,6.61,0.0
80.9796579,-2.518,25.992,4.594,-0.145,6.488,0.0
81.1794904,-2.545,25.794,4.564,-0.152,6.366,0.0
81.3800595,-2.577,25.596,4.532,-0.163,6.249,0.0
81.5789213,-2.616,25.401,4.499,-0.175,6.135,0.0
81.7792735,-2.662,25.206,4.463,-0.186,6.026,0.0
81.9794184,-2.715,25.013,4.424,-0.199,5.923,0.0
82.1789704,-2.776,24.823,4.383,-0.213,5.826,0.0
82.3792328,-2.845,24.635,4.339,-0.227,5.735,0.0
82.5796174,-2.922,24.45,4.292,-0.242,5.653,0.0
82.7791067,-3.008,24.27,4.242,-0.258,5.581,0.0
82.9791092,-3.103,24.094,4.189,-0.275,5.52,0.0
83.1789217,-3.208,23.924,4.132,-0.294,5.475,0.0
83.3792239,-3.323,23.76,4.071,-0.313,5.446,0.0
83.5791264,-3.448,23.604,4.007,-0.325,5.428,0.0
83.7787761,-3.582,23.456,3.941,-0.34,5.426,0.0
83.9782253,-3.726,23.318,3.872,-0.339,5.424,0.0
84.1783503,-3.879,23.189,3.806,-0.324,5.422,0.0
84.3779624,-4.04,23.071,3.743,-0.308,5.438,0.0
84.5785241,-4.209,22.963,3.683,-0.291,5.468,0.0
84.7782239,-4.383,22.865,3.627,-0.273,5.513,0.0
84.9781289,-4.562,22.776,3.574,-0.257,5.572,0.0
85.1783712,-4.746,22.697,3.524,-0.241,5.642,0.0
85.3780435,-4.933,22.627,3.477,-0.225,5.721,0.0
85.5779034,-5.123,22.565,3.434,-0.208,5.81,0.0
85.7770842,-5.315,22.512,3.394,-0.191,5.91,0.0
85.9776684,-5.51,22.465,3.358,-0.175,6.019,0.0
86.1765302,-5.705,22.426,3.323,-0.17,6.136,0.0
86.3762750,-5.902,22.393,3.29,-0.161,6.25,0.0
86.5761074,-6.1,22.366,3.259,-0.153,6.365,0.0
86.7751150,-6.298,22.346,3.229,-0.152,6.481,0.0
86.9756044,-6.498,22.332,3.198,-0.152,6.588,0.0
87.1758068,-6.698,22.323,3.168,-0.149,6.688,0.0
87.3748168,-6.897,22.321,3.139,-0.145,6.784,0.0
87.5768564,-7.099,22.325,3.11,-0.143,6.877,0.0
87.7760598,-7.298,22.334,3.081,-0.141,6.968,0.0
87.9756243,-7.497,22.349,3.053,-0.139,7.054,0.0
88.1766219,-7.697,22.369,3.026,-0.137,7.137,0.0
88.3753302,-7.894,22.395,2.999,-0.133,7.218,0.0
88.5757423,-8.092,22.426,2.972,-0.129,7.299,0.0
88.7760046,-8.289,22.462,2.947,-0.126,7.38,0.0
88.9762469,-8.485,22.503,2.922,-0.122,7.461,0.0
89.1756260,-8.679,22.549,2.898,-0.118,7.543,0.0
89.3762176,-8.873,22.6,2.874,-0.115,7.626,0.0
89.5759399,-9.065,22.655,2.852,-0.111,7.71,0.0
89.7758449,-9.256,22.714,2.83,-0.108,7.794,0.0
89.9763343,-9.446,22.778,2.809,-0.104,7.879,0.0
90.1759164,-9.634,22.845,2.788,-0.101,7.965,0.0
90.3759414,-9.821,22.916,2.769,-0.097,8.051,0.0
90.5761213,-10.007,22.99,2.749,-0.094,8.139,0.0
90.7763636,-10.191,23.069,2.731,-0.091,8.227,0.0
90.9755746,-10.373,23.15,2.713,-0.088,8.316,0.0
91.1764452,-10.555,23.235,2.696,-0.085,8.406,0.0
91.3759069,-10.734,23.323,2.679,-0.083,8.496,0.0
91.5762591,-10.913,23.413,2.663,-0.08,8.5,0.0
91.7757886,-11.089,23.507,2.647,-0.078,8.5,0.0
91.9762680,-11.265,23.603,2.631,-0.076,8.5,0.0
92.1755919,-11.438,23.702,2.617,-0.073,8.5,0.0
92.3764226,-11.611,23.804,2.602,-0.071,8.5,0.0
92.5765651,-11.782,23.908,2.588,-0.069,8.5,0.0
92.7760569,-11.951,24.014,2.574,-0.067,8.5,0.0
92.9757768,-12.119,24.122,2.561,-0.066,8.5,0.0
93.1754690,-12.285,24.233,2.548,-0.064,8.5,0.0
93.3754540,-12.45,24.346,2.536,-0.062,8.5,0.0
93.5757563,-12.614,24.461,2.523,-0.06,8.5,0.0
93.7755887,-12.776,24.578,2.511,-0.057,8.5,0.0
93.9757936,-12.937,24.697,2.5,-0.054,8.5,0.0
94.1757936,-13.097,24.817,2.49,-0.05,8.5,0.0
94.3754132,-13.255,24.939,2.48,-0.045,8.5,0.0
94.5748575,-13.412,25.062,2.472,-0.04,8.5,0.0
94.7747600,-13.568,25.187,2.465,-0.034,8.5,0.0
94.9752893,-13.724,25.313,2.458,-0.03,8.5,0.0
95.1756739,-13.879,25.44,2.453,-0.026,8.5,0.0
95.3752860,-14.033,25.567,2.448,-0.022,8.5,0.0
95.5747678,-14.186,25.695,2.444,-0.019,8.5,0.0
95.7748928,-14.339,25.824,2.44,-0.018,8.5,0.0
95.9750178,-14.492,25.953,2.436,-0.017,8.5,0.0
96.1750278,-14.644,26.083,2.433,-0.016,8.5,0.0
96.3749327,-14.795,26.214,2.43,-0.016,8.5,0.0
96.5741838,-14.946,26.344,2.427,-0.015,8.5,0.0
96.7747455,-15.097,26.476,2.424,-0.015,8.5,0.0
96.9746505,-15.248,26.607,2.421,-0.014,8.5,0.0
97.1751225,-15.398,26.74,2.418,-0.013,8.5,0.0
97.3741828,-15.547,26.872,2.416,-0.013,8.5,0.0
97.5746547,-15.697,27.005,2.413,-0.012,8.5,0.0
97.7743795,-15.846,27.138,2.411,-0.012,8.5,0.0
97.9747716,-15.995,27.272,2.408,-0.011,8.5,0.0
98.1744213,-16.143,27.406,2.406,-0.01,8.5,0.0
98.3740710,-16.291,27.54,2.404,-0.01,8.5,0.0
98.5743933,-16.439,27.675,2.402,-0.009,8.5,0.0
98.7747155,-16.587,27.81,2.401,-0.009,8.5,0.0
98.9743001,-16.734,27.945,2.399,-0.008,8.5,0.0
99.1738846,-16.881,28.08,2.397,-0.007,8.5,0.0
99.3741470,-17.028,28.216,2.396,-0.007,8.5,0.0
99.5737315,-17.175,28.351,2.395,-0.006,8.5,0.0
99.7739939,-17.322,28.487,2.393,-0.006,8.5,0.0
99.9735233,-17.468,28.623,2.392,-0.005,8.5,0.0
100.1737357,-17.614,28.76,2.391,-0.005,8.5,0.0
100.3739980,-17.761,28.896,2.39,-0.004,8.5,0.0
100.5742104,-17.907,29.033,2.39,-0.003,8.5,0.0
100.7737398,-18.053,29.169,2.389,-0.003,8.5,0.0
100.9739522,-18.199,29.306,2.389,-0.002,8.5,0.0
101.1734366,-18.344,29.443,2.388,-0.002,8.5,0.0
101.3729660,-18.49,29.579,2.388,-0.001,8.5,0.0
101.5731784,-18.636,29.716,2.388,-0.0,8.5,0.0
101.7733908,-18.782,29.853,2.388,0.0,8.5,0.0
101.9736032,-18.928,29.99,2.388,0.001,8.5,0.0
102.1730875,-19.073,30.127,2.388,0.001,8.5,0.0
102.3732999,-19.219,30.264,2.388,0.002,8.5,0.0
102.5728293,-19.365,30.4,2.389,0.002,8.5,0.0
102.7730417,-19.511,30.537,2.389,0.003,8.5,0.0
102.9732541,-19.657,30.674,2.39,0.004,8.5,0.0
103.1727836,-19.803,30.81,2.391,0.004,8.5,0.0
103.3730459,-19.95,30.946,2.392,0.005,8.5,0.0
103.5732583,-20.096,31.083,2.393,0.005,8.5,0.0
103.7735206,-20.243,31.219,2.394,0.006,8.5,0.0
103.9723698,-20.389,31.354,2.395,0.006,8.5,0.0
104.1726321,-20.536,31.49,2.396,0.007,8.5,0.0
104.3728945,-20.683,31.626,2.398,0.008,8.5,0.0
104.5724790,-20.83,31.761,2.399,0.008,8.5,0.0
104.7728013,-20.978,31.896,2.401,0.009,8.5,0.0
104.9731235,-21.126,32.031,2.403,0.009,8.5,0.0
105.1727732,-21.274,32.165,2.405,0.01,8.5,0.0
105.3724229,-21.422,32.299,2.407,0.01,8.5,0.0
105.5720726,-21.57,32.433,2.409,0.011,8.5,0.0
105.7724647,-21.719,32.567,2.411,0.011,8.5,0.0
105.9721895,-21.868,32.7,2.413,0.012,8.5,0.0
106.1719143,-22.017,32.833,2.416,0.012,8.5,0.0
106.3723863,-22.167,32.966,2.418,0.013,8.5,0.0
106.5721962,-22.317,33.098,2.421,0.013,8.5,0.0
106.7721012,-22.468,33.229,2.424,0.014,8.5,0.0
106.9719111,-22.618,33.361,2.427,0.015,8.5,0.0
107.1725725,-22.77,33.492,2.43,0.015,8.5,0.0
107.3718236,-22.921,33.622,2.433,0.016,8.5,0.0
107.5718336,-23.073,33.752,2.436,0.016,8.5,0.0
107.7719585,-23.226,33.881,2.439,0.017,8.5,0.0
107.9713200,-23.378,34.01,2.443,0.017,8.5,0.0
108.1722105,-23.532,34.139,2.446,0.018,8.5,0.0
108.3716924,-23.685,34.267,2.45,0.018,8.5,0.0
108.5720770,-23.84,34.394,2.453,0.019,8.5,0.0
108.7716891,-23.994,34.521,2.457,0.019,8.5,0.0
108.9714415,-24.149,34.647,2.461,0.02,8.5,0.0
109.1713439,-24.305,34.772,2.465,0.021,8.5,0.0
109.3712464,-24.461,34.897,2.469,0.021,8.5,0.0
109.5713089,-24.618,35.021,2.474,0.022,8.5,0.0
109.7713714,-24.775,35.145,2.478,0.022,8.5,0.0
109.9709910,-24.933,35.267,2.482,0.023,8.5,0.0
110.1712234,-25.091,35.39,2.487,0.023,8.5,0.0
110.3710283,-25.25,35.511,2.492,0.024,8.5,0.0
110.5716299,-25.41,35.632,2.497,0.024,8.5,0.0
110.7710315,-25.57,35.751,2.502,0.025,8.5,0.0
110.9712364,-25.731,35.87,2.507,0.026,8.5,0.0
111.1708485,-25.892,35.988,2.512,0.026,8.5,0.0
111.3712681,-26.054,36.106,2.517,0.027,8.5,0.0
111.5705167,-26.216,36.222,2.523,0.028,8.5,0.0
111.7705792,-26.379,36.338,2.528,0.028,8.5,0.0
111.9703090,-26.543,36.452,2.534,0.029,8.5,0.0
112.1708607,-26.708,36.566,2.54,0.03,8.5,0.0
112.3708457,-26.873,36.679,2.546,0.03,8.5,0.0
112.5705380,-27.039,36.79,2.552,0.031,8.5,0.0
112.7702302,-27.205,36.901,2.558,0.032,8.5,0.0
112.9710386,-27.373,37.011,2.565,0.032,8.5,0.0
113.1707584,-27.541,37.119,2.571,0.033,8.5,0.0
113.3699392,-27.709,37.226,2.578,0.034,8.5,0.0
113.5708098,-27.879,37.333,2.585,0.034,8.5,0.0
113.7706222,-28.049,37.438,2.592,0.035,8.5,0.0
113.9707647,-28.22,37.542,2.599,0.036,8.5,0.0
114.1698752,-28.391,37.644,2.606,0.036,8.5,0.0
114.3698452,-28.563,37.746,2.613,0.037,8.5,0.0
114.5705340,-28.737,37.846,2.621,0.038,8.5,0.0
114.7698579,-28.91,37.945,2.628,0.038,8.5,0.0
114.9699429,-29.085,38.042,2.636,0.039,8.5,0.0
115.1700279,-29.26,38.139,2.644,0.039,8.5,0.0
115.3695573,-29.436,38.233,2.652,0.04,8.5,0.0
115.5699694,-29.613,38.327,2.66,0.041,8.5,0.0
115.7703390,-29.791,38.419,2.668,0.041,8.5,0.0
115.9697983,-29.969,38.509,2.676,0.042,8.5,0.0
116.1697033,-30.148,38.598,2.685,0.043,8.5,0.0
116.3696258,-30.328,38.685,2.694,0.044,8.5,0.0
116.5700179,-30.509,38.771,2.702,0.044,8.5,0.0
116.7695599,-30.69,38.855,2.711,0.045,8.5,0.0
116.9695924,-30.872,38.938,2.72,0.046,8.5,0.0
117.1697173,-31.055,39.019,2.73,0.046,8.5,0.0
117.3690412,-31.238,39.098,2.739,0.047,8.5,0.0
117.5698122,-31.423,39.176,2.748,0.048,8.5,0.0
117.7694368,-31.608,39.251,2.758,0.048,8.5,0.0
117.9686879,-31.793,39.325,2.768,0.049,8.5,0.0
118.1690701,-31.98,39.397,2.778,0.05,8.5,0.0
118.3690951,-32.167,39.468,2.788,0.051,8.5,0.0
118.5690150,-32.355,39.536,2.798,0.051,8.5,0.0
118.7692075,-32.544,39.602,2.808,0.052,8.5,0.0
118.9690724,-32.733,39.667,2.819,0.053,8.5,0.0
119.1689324,-32.923,39.729,2.829,0.053,8.5,0.0
119.3694367,-33.114,39.79,2.84,0.054,8.5,0.0
119.5690488,-33.305,39.848,2.851,0.055,8.5,0.0
119.7690488,-33.497,39.904,2.862,0.055,8.5,0.0
119.9687712,-33.689,39.959,2.873,0.056,8.5,0.0
120.1686536,-33.882,40.011,2.884,0.056,8.5,0.0
120.3687461,-34.076,40.06,2.895,0.057,8.5,0.0
120.5685960,-34.27,40.108,2.907,0.057,8.5,0.0
120.7687210,-34.465,40.153,2.918,0.058,8.5,0.0
120.9686235,-34.66,40.197,2.93,0.058,8.5,0.0
121.1686635,-34.856,40.237,2.942,0.059,8.5,0.0
121.3685059,-35.052,40.276,2.953,0.059,8.5,0.0
121.5687682,-35.249,40.312,2.965,0.06,8.5,0.0
121.7686807,-35.446,40.346,2.977,0.061,8.5,0.0
121.9682628,-35.643,40.378,2.989,0.061,8.5,0.0
122.1683753,-35.841,40.407,3.002,0.062,8.5,0.0
122.3680750,-36.039,40.433,3.014,0.063,8.5,0.0
122.5686392,-36.238,40.458,3.027,0.064,8.5,0.0
122.7677498,-36.436,40.479,3.04,0.065,8.5,0.0
122.9676547,-36.635,40.498,3.053,0.068,8.5,0.0
123.1682937,-36.835,40.514,3.067,0.07,8.4,0.0
123.3677856,-37.034,40.528,3.081,0.073,8.277,0.0
123.5680354,-37.234,40.538,3.096,0.078,8.157,0.0
123.7671961,-37.433,40.546,3.113,0.083,8.04,0.0
123.9672361,-37.633,40.55,3.13,0.088,7.924,0.0
124.1672386,-37.833,40.551,3.148,0.092,7.809,0.0
124.3672786,-38.033,40.547,3.167,0.097,7.696,0.0
124.5674011,-38.233,40.54,3.187,0.101,7.584,0.0
124.7677034,-38.433,40.529,3.207,0.106,7.472,0.0
124.9672679,-38.632,40.514,3.229,0.111,7.362,0.0
125.1672704,-38.831,40.494,3.252,0.117,7.253,0.0
125.3677124,-39.03,40.47,3.276,0.122,7.145,0.0
125.5678249,-39.228,40.441,3.301,0.128,7.039,0.0
125.7667520,-39.424,40.407,3.327,0.134,6.933,0.0
125.9677719,-39.621,40.367,3.354,0.14,6.829,0.0
126.1678969,-39.816,40.322,3.383,0.146,6.726,0.0
126.3672684,-40.009,40.272,3.413,0.153,6.625,0.0
126.5675507,-40.201,40.215,3.444,0.159,6.524,0.0
126.7677231,-40.391,40.152,3.476,0.166,6.425,0.0
126.9667030,-40.578,40.084,3.51,0.174,6.326,0.0
127.1676308,-40.764,40.008,3.546,0.181,6.229,0.0
127.3672505,-40.946,39.926,3.583,0.189,6.132,0.0
127.5671555,-41.125,39.837,3.621,0.197,6.037,0.0
127.7676349,-41.301,39.741,3.662,0.206,5.943,0.0
127.9681168,-41.473,39.638,3.704,0.215,5.851,0.0
128.1672550,-41.639,39.528,3.748,0.225,5.761,0.0
128.3676745,-41.801,39.41,3.794,0.236,5.674,0.0
128.5675770,-41.957,39.285,3.842,0.248,5.592,0.0
128.7666373,-42.106,39.153,3.893,0.263,5.518,0.0
128.9674606,-42.249,39.012,3.948,0.277,5.452,0.0
129.1685228,-42.384,38.863,4.004,0.292,5.394,0.0
129.3662397,-42.508,38.709,4.064,0.309,5.348,0.0
129.5699061,-42.626,38.543,4.127,0.313,5.302,0.0
129.7705700,-42.731,38.372,4.192,0.333,5.27,0.0
129.9673948,-42.823,38.198,4.26,0.36,5.268,0.0
130.1697534,-42.905,38.013,4.33,0.321,5.266,0.0
130.3672021,-42.974,37.828,4.387,0.253,5.305,0.0
130.5629903,-43.032,37.641,4.435,0.264,5.411,0.0
130.7611443,-43.081,37.449,4.491,0.297,5.491,0.0
130.9637399,-43.119,37.25,4.551,0.295,5.526,0.0
131.1584834,-43.145,37.057,4.608,0.289,5.56,0.0
131.3610395,-43.16,36.855,4.667,0.294,5.596,0.0
131.5630618,-43.163,36.653,4.727,0.291,5.622,0.0
131.7622225,-43.155,36.454,4.783,0.275,5.647,0.0
131.9632200,-43.135,36.254,4.837,0.265,5.688,0.0
132.1644686,-43.105,36.055,4.89,0.257,5.736,0.0
132.3635289,-43.065,35.86,4.94,0.247,5.786,0.0
132.5638686,-43.015,35.666,4.989,0.237,5.844,0.0
132.7640710,-42.955,35.475,5.035,0.225,5.906,0.0
132.9636531,-42.888,35.287,5.079,0.212,5.975,0.0
133.1645810,-42.812,35.101,5.12,0.2,6.054,0.0
133.3646135,-42.729,34.919,5.159,0.19,6.139,0.0
133.5636235,-42.64,34.741,5.196,0.179,6.228,0.0
133.7641029,-42.544,34.565,5.231,0.169,6.322,0.0
133.9640729,-42.442,34.393,5.264,0.159,6.421,0.0
134.1646346,-42.334,34.224,5.294,0.15,6.524,0.0
134.3640563,-42.222,34.059,5.323,0.141,6.632,0.0
134.5638887,-42.105,33.897,5.351,0.132,6.743,0.0
134.7636936,-41.984,33.738,5.376,0.124,6.857,0.0
134.9635961,-41.859,33.582,5.4,0.116,6.975,0.0
135.1637211,-41.73,33.429,5.423,0.109,7.096,0.0
135.3642828,-41.598,33.278,5.444,0.102,7.219,0.0
135.5638674,-41.463,33.131,5.463,0.095,7.345,0.0
135.7640398,-41.325,32.986,5.482,0.088,7.474,0.0
135.9641622,-41.185,32.843,5.499,0.082,7.606,0.0
136.1642847,-41.042,32.703,5.514,0.075,7.74,0.0
136.3637339,-40.898,32.565,5.529,0.069,7.872,0.0
136.5639963,-40.751,32.429,5.542,0.062,8.002,0.0
136.7643884,-40.602,32.295,5.553,0.055,8.13,0.0
136.9634487,-40.453,32.163,5.564,0.048,8.256,0.0
137.1640104,-40.302,32.031,5.572,0.039,8.38,0.0
137.3640204,-40.15,31.901,5.579,0.029,8.5,0.0
137.5635022,-39.997,31.773,5.584,0.02,8.5,0.0
137.7636272,-39.844,31.644,5.587,0.014,8.5,0.0
137.9638770,-39.69,31.516,5.59,0.009,8.5,0.0
138.1627187,-39.537,31.389,5.591,0.003,8.5,0.0
138.3629685,-39.383,31.261,5.591,0.002,8.5,0.0
138.5632184,-39.229,31.133,5.592,0.001,8.5,0.0
138.7628305,-39.075,31.006,5.592,0.0,8.5,0.0
138.9630803,-38.921,30.878,5.592,0.0,8.5,0.0
139.1626925,-38.767,30.751,5.592,0.0,8.5,0.0
139.3623046,-38.613,30.624,5.592,0.0,8.5,0.0
139.5625544,-38.459,30.496,5.592,0.0,8.5,0.0
139.7621665,-38.305,30.369,5.592,0.0,8.5,0.0
139.9631864,-38.15,30.241,5.592,0.0,8.5,0.0
140.1627986,-37.996,30.114,5.592,0.0,8.5,0.0
140.3630484,-37.842,29.986,5.592,0.0,8.5,0.0
140.5626605,-37.688,29.859,5.592,0.0,8.5,0.0
140.7629104,-37.534,29.731,5.592,0.0,8.5,0.0
140.9625225,-37.38,29.604,5.592,0.0,8.5,0.0
141.1621346,-37.226,29.477,5.592,0.0,8.5,0.0
141.3623845,-37.072,29.349,5.593,0.0,8.5,0.0
141.5619966,-36.918,29.222,5.593,0.0,8.5,0.0
141.7623812,-36.763,29.095,5.593,0.0,8.5,0.0
141.9626311,-36.609,28.967,5.593,0.0,8.5,0.0
142.1622432,-36.455,28.84,5.593,0.0,8.5,0.0
142.3618553,-36.301,28.713,5.593,0.0,8.5,0.0
142.5621052,-36.147,28.585,5.593,0.0,8.5,0.0
142.7617173,-35.993,28.458,5.593,0.0,8.5,0.0
142.9621019,-35.838,28.331,5.593,0.0,8.5,0.0
143.1623518,-35.684,28.203,5.593,0.0,8.5,0.0
143.3619639,-35.53,28.076,5.593,0.0,8.5,0.0
143.5615760,-35.376,27.949,5.593,0.0,8.5,0.0
143.7618259,-35.222,27.821,5.593,0.0,8.5,0.0
143.9614380,-35.068,27.694,5.593,0.0,8.5,0.0
144.1618226,-34.913,27.567,5.593,0.0,8.5,0.0
144.3614347,-34.759,27.44,5.593,0.0,8.5,0.0
144.5616846,-34.605,27.312,5.593,0.0,8.5,0.0
144.7612967,-34.451,27.185,5.593,0.0,8.5,0.0
144.9616813,-34.296,27.058,5.593,0.0,8.5,0.0
145.1612935,-34.142,26.931,5.593,0.0,8.5,0.0
145.3615433,-33.988,26.803,5.593,0.0,8.5,0.0
145.5611554,-33.834,26.676,5.593,0.0,8.5,0.0
145.7615400,-33.679,26.549,5.594,0.0,8.5,0.0
145.9611522,-33.525,26.422,5.594,0.0,8.5,0.0
146.1614020,-33.371,26.294,5.594,0.0,8.5,0.0
146.3610141,-33.217,26.167,5.594,0.0,8.5,0.0
146.5613988,-33.062,26.04,5.594,0.0,8.5,0.0
146.7610109,-32.908,25.913,5.594,0.0,8.5,0.0
146.9606230,-32.754,25.786,5.594,0.0,8.5,0.0
147.1608729,-32.6,25.658,5.594,0.0,8.5,0.0
147.3612575,-32.445,25.531,5.594,0.0,8.5,0.0
147.5608696,-32.291,25.404,5.594,0.0,8.5,0.0
147.7604817,-32.137,25.277,5.594,0.0,8.5,0.0
147.9608664,-31.982,25.15,5.594,0.0,8.5,0.0
148.1604785,-31.828,25.023,5.594,0.0,8.5,0.0
148.3607283,-31.674,24.895,5.594,0.0,8.5,0.0
148.5603405,-31.52,24.768,5.594,0.0,8.5,0.0
148.7607251,-31.365,24.641,5.594,0.0,8.5,0.0
148.9603372,-31.211,24.514,5.594,0.0,8.5,0.0
149.1599493,-31.057,24.387,5.594,0.0,8.5,0.0
149.3603340,-30.902,24.26,5.594,0.0,8.5,0.0
149.5599461,-30.748,24.133,5.594,0.0,8.5,0.0
149.7601959,-30.594,24.005,5.594,0.0,8.5,0.0
149.9605806,-30.439,23.878,5.594,0.0,8.5,0.0
150.1601927,-30.285,23.751,5.594,0.0,8.5,0.0
150.3598048,-30.131,23.624,5.594,0.0,8.5,0.0
150.5601894,-29.976,23.497,5.594,0.0,8.5,0.0
150.7598016,-29.822,23.37,5.594,0.0,8.5,0.0
150.9601862,-29.667,23.243,5.594,0.0,8.5,0.0
151.1597983,-29.513,23.116,5.594,0.0,8.5,0.0
151.3594104,-29.359,22.989,5.594,0.0,8.5,0.0
151.5604303,-29.204,22.861,5.594,0.0,8.5,0.0
151.7600425,-29.05,22.734,5.594,0.0,8.5,0.0
151.9596546,-28.896,22.607,5.594,0.0,8.5,0.0
152.1600392,-28.741,22.48,5.594,0.0,8.5,0.0
152.3596513,-28.587,22.353,5.595,0.0,8.5,0.0
152.5592635,-28.433,22.226,5.595,0.0,8.5,0.0
152.7596481,-28.278,22.099,5.595,0.0,8.5,0.0
152.9592602,-28.124,21.972,5.595,0.0,8.5,0.0
153.1596449,-27.969,21.845,5.595,0.0,8.5,0.0
153.3592570,-27.815,21.718,5.595,0.0,8.5,0.0
153.5588691,-27.661,21.591,5.595,0.0,8.5,0.0
153.7592537,-27.506,21.464,5.595,0.0,8.5,0.0
153.9588659,-27.352,21.337,5.595,0.0,8.5,0.0
154.1592505,-27.197,21.21,5.595,0.0,8.5,0.0
154.3588626,-27.043,21.083,5.595,0.0,8.5,0.0
154.5584747,-26.889,20.956,5.595,0.0,8.5,0.0
154.7588594,-26.734,20.829,5.595,0.0,8.5,0.0
154.9591092,-26.58,20.701,5.595,0.0,8.5,0.0
155.1594938,-26.425,20.574,5.595,0.0,8.5,0.0
155.3591060,-26.271,20.447,5.595,0.0,8.5,0.0
155.5587181,-26.117,20.32,5.595,0.0,8.5,0.0
155.7591027,-25.962,20.193,5.595,0.0,8.5,0.0
155.9587148,-25.808,20.066,5.595,0.0,8.5,0.0
156.1590995,-25.653,19.939,5.595,0.0,8.5,0.0
156.3587116,-25.499,19.812,5.595,0.0,8.5,0.0
156.5590962,-25.344,19.685,5.595,0.0,8.5,0.0
156.7587084,-25.19,19.558,5.595,0.0,8.5,0.0
156.9583205,-25.036,19.431,5.595,0.0,8.5,0.0
157.1587051,-24.881,19.304,5.595,0.0,8.5,0.0
157.3583172,-24.727,19.177,5.595,0.0,8.5,0.0
157.5587019,-24.572,19.05,5.595,0.0,8.5,0.0
157.7583140,-24.418,18.923,5.595,0.0,8.5,0.0
157.9586986,-24.263,18.796,5.595,0.0,8.5,0.0
158.1583107,-24.109,18.669,5.595,0.0,8.5,0.0
158.3579229,-23.955,18.542,5.595,0.0,8.5,0.0
158.5583075,-23.8,18.415,5.595,0.0,8.5,0.0
158.7579196,-23.646,18.288,5.595,0.0,8.5,0.0
158.9583042,-23.491,18.161,5.595,0.0,8.5,0.0
159.1579164,-23.337,18.034,5.595,0.0,8.5,0.0
159.3583010,-23.182,17.907,5.595,0.0,8.5,0.0
159.5579131,-23.028,17.78,5.595,0.0,8.5,0.0
159.7575252,-22.874,17.653,5.595,0.0,8.5,0.0
159.9579099,-22.719,17.526,5.595,0.0,8.5,0.0
160.1575220,-22.565,17.399,5.595,0.0,8.5,0.0
160.3579066,-22.41,17.272,5.595,0.0,8.5,0.0
160.5575188,-22.256,17.145,5.595,-0.0,8.5,0.0
160.7579034,-22.101,17.018,5.595,-0.0,8.5,0.0
160.9575155,-21.947,16.891,5.595,-0.0,8.5,0.0
161.1571276,-21.793,16.764,5.595,-0.0,8.5,0.0
161.3575123,-21.638,16.637,5.595,-0.0,8.5,0.0
161.5571244,-21.484,16.51,5.595,-0.0,8.5,0.0
161.7575090,-21.329,16.383,5.595,-0.0,8.5,0.0
161.9571211,-21.175,16.256,5.595,-0.0,8.5,0.0
162.1575058,-21.02,16.129,5.595,-0.0,8.5,0.0
162.3571179,-20.866,16.002,5.595,-0.0,8.5,0.0
162.5575025,-20.711,15.875,5.595,-0.0,8.5,0.0
162.7571146,-20.557,15.748,5.595,-0.0,8.5,0.0
162.9567268,-20.403,15.621,5.595,-0.0,8.5,0.0
163.1571114,-20.248,15.494,5.595,-0.0,8.5,0.0
163.3567235,-20.094,15.367,5.595,-0.0,8.5,0.0
163.5571082,-19.939,15.24,5.595,-0.0,8.5,0.0
163.7567203,-19.785,15.113,5.595,-0.0,8.5,0.0
163.9571049,-19.63,14.986,5.595,-0.0,8.5,0.0
164.1567170,-19.476,14.859,5.595,-0.0,8.5,0.0
164.3563292,-19.322,14.732,5.595,-0.0,8.5,0.0
164.5567138,-19.167,14.605,5.595,-0.0,8.5,0.0
164.7563259,-19.013,14.478,5.595,-0.0,8.5,0.0
164.9567105,-18.858,14.351,5.595,-0.0,8.5,0.0
165.1563227,-18.704,14.224,5.595,-0.0,8.5,0.0
165.3567073,-18.549,14.097,5.595,-0.0,8.5,0.0
165.5563194,-18.395,13.97,5.595,-0.0,8.5,0.0
165.7559315,-18.241,13.843,5.595,-0.0,8.5,0.0
165.9563162,-18.086,13.716,5.595,-0.0,8.5,0.0
166.1559283,-17.932,13.589,5.595,-0.0,8.5,0.0
166.3563129,-17.777,13.462,5.595,-0.0,8.5,0.0
166.5559251,-17.623,13.335,5.595,-0.0,8.5,0.0
166.7555372,-17.469,13.208,5.595,-0.0,8.5,0.0
166.9559218,-17.314,13.081,5.595,-0.0,8.5,0.0
167.1555339,-17.16,12.954,5.595,-0.0,8.5,0.0
167.3559186,-17.005,12.827,5.595,-0.0,8.5,0.0
167.5555307,-16.851,12.7,5.595,-0.0,8.5,0.0
167.7559153,-16.696,12.573,5.595,-0.0,8.5,0.0
167.9555274,-16.542,12.446,5.595,-0.0,8.5,0.0
168.1551396,-16.388,12.319,5.595,-0.0,8.5,0.0
168.3555242,-16.233,12.192,5.595,-0.0,8.5,0.0
168.5551363,-16.079,12.065,5.595,-0.0,8.5,0.0
168.7555209,-15.924,11.938,5.595,-0.0,8.5,0.0
168.9557708,-15.77,11.81,5.595,-0.0,8.5,0.0
169.1553829,-15.616,11.683,5.595,-0.0,8.5,0.0
169.3557675,-15.461,11.556,5.595,-0.0,8.5,0.0
169.5553797,-15.307,11.429,5.595,-0.0,8.5,0.0
169.7557643,-15.152,11.302,5.595,-0.0,8.5,0.0
169.9553764,-14.998,11.175,5.595,-0.0,8.5,0.0
170.1549885,-14.844,11.048,5.595,-0.0,8.5,0.0
170.3553732,-14.689,10.921,5.595,-0.0,8.5,0.0
170.5549853,-14.535,10.794,5.595,-0.0,8.5,0.0
170.7553699,-14.38,10.667,5.595,-0.0,8.5,0.0
170.9549821,-14.226,10.54,5.595,-0.0,8.5,0.0
171.1545942,-14.072,10.413,5.595,-0.0,8.5,0.0
171.3549788,-13.917,10.286,5.595,-0.0,8.5,0.0
171.5545909,-13.763,10.159,5.595,-0.0,8.5,0.0
171.7542031,-13.609,10.032,5.594,-0.0,8.5,0.0
171.9545877,-13.454,9.905,5.594,-0.0,8.5,0.0
172.1548375,-13.3,9.777,5.594,-0.0,8.5,0.0
172.3552222,-13.145,9.65,5.594,-0.0,8.5,0.0
172.5548343,-12.991,9.523,5.594,-0.0,8.5,0.0
172.7544464,-12.837,9.396,5.594,-0.0,8.5,0.0
172.9548310,-12.682,9.269,5.594,-0.0,8.5,0.0
173.1544432,-12.528,9.142,5.594,-0.0,8.5,0.0
173.3540553,-12.374,9.015,5.594,-0.0,8.5,0.0
173.5544399,-12.219,8.888,5.594,-0.0,8.5,0.0
173.7540520,-12.065,8.761,5.594,-0.0,8.5,0.0
173.9536642,-11.911,8.634,5.594,-0.0,8.5,0.0
174.1540488,-11.756,8.507,5.594,-0.0,8.5,0.0
174.3542986,-11.602,8.379,5.594,-0.0,8.5,0.0
174.5539108,-11.448,8.252,5.594,-0.0,8.5,0.0
174.7542954,-11.293,8.125,5.594,-0.0,8.5,0.0
174.9539075,-11.139,7.998,5.594,-0.0,8.5,0.0
175.1535196,-10.985,7.871,5.594,-0.0,8.5,0.0
175.3539043,-10.83,7.744,5.594,-0.0,8.5,0.0
175.5535164,-10.676,7.617,5.594,-0.0,8.5,0.0
175.7531285,-10.522,7.49,5.594,-0.0,8.5,0.0
175.9535131,-10.367,7.363,5.594,-0.0,8.5,0.0
176.1537630,-10.213,7.235,5.594,-0.0,8.5,0.0
176.3533751,-10.059,7.108,5.594,-0.0,8.5,0.0
176.5537597,-9.904,6.981,5.594,-0.0,8.5,0.0
176.7533719,-9.75,6.854,5.594,-0.0,8.5,0.0
176.9529840,-9.596,6.727,5.594,-0.0,8.5,0.0
177.1533686,-9.441,6.6,5.594,-0.0,8.5,0.0
177.3536185,-9.287,6.472,5.594,-0.0,8.5,0.0
177.5532306,-9.133,6.345,5.594,-0.0,8.5,0.0
177.7536152,-8.978,6.218,5.594,-0.0,8.5,0.0
177.9532273,-8.824,6.091,5.594,-0.0,8.5,0.0
178.1528395,-8.67,5.964,5.594,-0.0,8.5,0.0
178.3532241,-8.515,5.837,5.594,-0.0,8.5,0.0
178.5534739,-8.361,5.709,5.594,-0.0,8.5,0.0
178.7530861,-8.207,5.582,5.594,-0.0,8.5,0.0
178.9526982,-8.053,5.455,5.594,-0.0,8.5,0.0
179.1530828,-7.898,5.328,5.594,-0.0,8.5,0.0
179.3526949,-7.744,5.201,5.594,-0.0,8.5,0.0
179.5523071,-7.59,5.074,5.594,-0.0,8.5,0.0
179.7533270,-7.435,4.946,5.594,-0.0,8.5,0.0
179.9529391,-7.281,4.819,5.594,-0.0,8.5,0.0
180.1525512,-7.127,4.692,5.594,-0.0,8.5,0.0
180.3521633,-6.973,4.565,5.594,-0.0,8.5,0.0
180.5525480,-6.818,4.438,5.594,-0.0,8.5,0.0
180.7527978,-6.664,4.31,5.594,-0.0,8.5,0.0
180.9524099,-6.51,4.183,5.594,-0.0,8.5,0.0
181.1520221,-6.356,4.056,5.593,-0.0,8.5,0.0
181.3524067,-6.201,3.929,5.593,-0.0,8.5,0.0
181.5526565,-6.047,3.801,5.593,-0.0,8.5,0.0
181.7522687,-5.893,3.674,5.593,-0.0,8.5,0.0
181.9518808,-5.739,3.547,5.593,-0.0,8.5,0.0
182.1522654,-5.584,3.42,5.593,-0.0,8.5,0.0
182.3525153,-5.43,3.292,5.593,-0.0,8.5,0.0
182.5521274,-5.276,3.165,5.593,-0.0,8.5,0.0
182.7517395,-5.122,3.038,5.593,-0.0,8.5,0.0
182.9513516,-4.968,2.911,5.593,-0.0,8.5,0.0
183.1523715,-4.813,2.783,5.593,-0.0,8.5,0.0
183.3519837,-4.659,2.656,5.593,-0.0,8.5,0.0
183.5515958,-4.505,2.529,5.593,-0.0,8.5,0.0
183.7512079,-4.351,2.402,5.593,-0.0,8.5,0.0
183.9522278,-4.196,2.274,5.593,-0.0,8.5,0.0
184.1518399,-4.042,2.147,5.593,-0.0,8.5,0.0
184.3514520,-3.888,2.02,5.593,-0.0,8.5,0.0
184.5517019,-3.734,1.892,5.593,-0.0,8.5,0.0
184.7513140,-3.58,1.765,5.593,-0.0,8.5,0.0
184.9509261,-3.426,1.638,5.593,-0.0,8.5,0.0
185.1519460,-3.271,1.51,5.593,-0.0,8.5,0.0
185.3515582,-3.117,1.383,5.593,-0.0,8.5,0.0
185.5511703,-2.963,1.256,5.593,-0.0,8.5,0.0
185.7514201,-2.809,1.128,5.593,-0.0,8.5,0.0
185.9510323,-2.655,1.001,5.593,-0.0,8.5,0.0
186.1506444,-2.501,0.874,5.593,-0.0,8.5,0.0
186.3516643,-2.346,0.746,5.593,-0.0,8.5,0.0
186.5512764,-2.192,0.619,5.593,-0.0,8.5,0.0
186.7508885,-2.038,0.492,5.593,-0.0,8.5,0.0
186.9511384,-1.884,0.364,5.593,-0.0,8.5,0.0
187.1507505,-1.73,0.237,5.593,-0.0,8.5,0.0
187.3503626,-1.576,0.11,5.593,-0.0,8.5,0.0
187.5506125,-1.422,-0.018,5.593,-0.0,8.5,0.0
187.7509971,-1.267,-0.145,5.592,-0.0,8.5,0.0
187.9506092,-1.113,-0.272,5.592,-0.0,8.5,0.0
188.1508591,-0.959,-0.4,5.592,-0.0,8.5,0.0
188.3504712,-0.805,-0.527,5.592,-0.0,8.5,0.0
188.5507210,-0.651,-0.655,5.592,-0.0,8.5,0.0
188.7503332,-0.497,-0.782,5.592,-0.0,8.5,0.0
188.9505830,-0.343,-0.91,5.592,-0.0,8.5,0.0
189.1501951,-0.189,-1.037,5.592,-0.0,8.5,0.0
189.3498072,-0.035,-1.164,5.592,-0.0,8.5,0.0
189.5500571,0.119,-1.292,5.592,-0.0,8.5,0.0
189.7504417,0.274,-1.419,5.592,-0.0,8.5,0.0
189.9506916,0.428,-1.547,5.592,-0.0,8.5,0.0
190.1503037,0.582,-1.674,5.592,-0.0,8.5,0.0
190.3505535,0.736,-1.802,5.592,-0.0,8.5,0.0
190.5501657,0.89,-1.929,5.592,-0.0,8.5,0.0
190.7497778,1.044,-2.056,5.592,-0.0,8.5,0.0
190.9500276,1.198,-2.184,5.592,-0.0,8.5,0.0
191.1496397,1.352,-2.311,5.592,-0.0,8.5,0.0
191.3498896,1.506,-2.439,5.592,-0.0,8.5,0.0
191.5495017,1.66,-2.566,5.592,-0.0,8.5,0.0
191.7497516,1.814,-2.694,5.592,-0.0,8.5,0.0
191.9493637,1.968,-2.821,5.592,-0.0,8.5,0.0
192.1496135,2.122,-2.949,5.592,-0.0,8.5,0.0
192.3492256,2.276,-3.076,5.592,-0.0,8.5,0.0
192.5494755,2.43,-3.204,5.592,-0.0,8.5,0.0
192.7490876,2.584,-3.331,5.592,-0.0,8.5,0.0
192.9493375,2.738,-3.459,5.592,-0.0,8.5,0.0
193.1495873,2.892,-3.587,5.591,-0.0,8.5,0.0
193.3491994,3.046,-3.714,5.591,-0.0,8.5,0.0
193.5494493,3.2,-3.842,5.591,-0.0,8.5,0.0
193.7490614,3.354,-3.969,5.591,-0.0,8.5,0.0
193.9493112,3.508,-4.097,5.591,-0.0,8.5,0.0
194.1489234,3.662,-4.224,5.591,-0.0,8.5,0.0
194.3491732,3.816,-4.352,5.591,-0.0,8.5,0.0
194.5487853,3.97,-4.479,5.591,-0.0,8.5,0.0
194.7490352,4.124,-4.607,5.591,-0.0,8.5,0.0
194.9492850,4.278,-4.735,5.591,-0.0,8.5,0.0
195.1488971,4.432,-4.862,5.591,-0.0,8.5,0.0
195.3491470,4.586,-4.99,5.591,-0.0,8.5,0.0
195.5487591,4.74,-5.117,5.591,-0.0,8.5,0.0
195.7490090,4.894,-5.245,5.591,-0.0,8.5,0.0
195.9484908,5.047,-5.373,5.591,-0.0,8.5,0.0
196.1481029,5.201,-5.5,5.591,-0.0,8.5,0.0
196.3483528,5.355,-5.628,5.591,-0.0,8.5,0.0
196.5486026,5.509,-5.756,5.591,0.0,8.5,0.0
196.7482147,5.663,-5.883,5.591,0.0,8.5,0.0
196.9484646,5.817,-6.011,5.591,0.001,8.5,0.0
197.1487144,5.971,-6.139,5.591,0.002,8.5,0.0
197.3483265,6.125,-6.266,5.592,0.003,8.5,0.0
197.5485764,6.279,-6.394,5.593,0.005,8.5,0.0
197.7481885,6.433,-6.521,5.594,0.006,8.5,0.0
197.9478006,6.587,-6.648,5.595,0.007,8.5,0.0
198.1481853,6.742,-6.775,5.596,0.008,8.5,0.0
198.3479376,6.897,-6.901,5.598,0.01,8.5,0.0
198.5483222,7.052,-7.028,5.6,0.012,8.5,0.0
198.7480746,7.207,-7.154,5.603,0.013,8.5,0.0
198.9479771,7.363,-7.279,5.606,0.016,8.5,0.0
199.1478795,7.519,-7.404,5.609,0.019,8.5,0.0
199.3477820,7.675,-7.529,5.613,0.021,8.5,0.0
199.5472262,7.832,-7.652,5.618,0.023,8.5,0.0
199.7480744,7.99,-7.776,5.623,0.025,8.5,0.0
199.9476941,8.148,-7.898,5.628,0.028,8.5,0.0
200.1474990,8.307,-8.019,5.634,0.03,8.5,0.0
200.3473039,8.466,-8.14,5.64,0.032,8.5,0.0
200.5475088,8.627,-8.259,5.646,0.034,8.5,0.0
200.7471209,8.788,-8.377,5.653,0.036,8.5,0.0
200.9475405,8.95,-8.495,5.661,0.038,8.5,0.0
201.1476030,9.113,-8.611,5.668,0.04,8.5,0.0
201.3473328,9.277,-8.725,5.676,0.041,8.5,0.0
201.5470626,9.441,-8.839,5.685,0.043,8.5,0.0
201.7473124,9.607,-8.951,5.694,0.045,8.5,0.0
201.9472849,9.774,-9.061,5.703,0.047,8.5,0.0
202.1475473,9.942,-9.17,5.713,0.049,8.5,0.0
202.3467281,10.11,-9.277,5.723,0.051,8.5,0.0
202.5465405,10.28,-9.382,5.733,0.053,8.5,0.0
202.7466829,10.451,-9.486,5.744,0.055,8.5,0.0
202.9475137,10.624,-9.588,5.755,0.057,8.5,0.0
203.1468376,10.797,-9.687,5.767,0.059,8.5,0.0
203.3465373,10.971,-9.785,5.779,0.062,8.5,0.0
203.5465398,11.147,-9.88,5.792,0.064,8.5,0.0
203.7469519,11.324,-9.974,5.805,0.066,8.5,0.0
203.9464112,11.502,-10.064,5.818,0.068,8.5,0.0
204.1463162,11.681,-10.153,5.832,0.07,8.5,0.0
204.3467083,11.862,-10.239,5.846,0.072,8.5,0.0
204.5467408,12.044,-10.322,5.861,0.074,8.5,0.0
204.7468657,12.227,-10.403,5.876,0.077,8.5,0.0
204.9467157,12.411,-10.481,5.891,0.079,8.5,0.0
205.1463403,12.596,-10.556,5.907,0.081,8.5,0.0
205.3467225,12.783,-10.628,5.924,0.083,8.5,0.0
205.5466425,12.971,-10.696,5.941,0.086,8.5,0.0
205.7468349,13.16,-10.762,5.958,0.088,8.5,0.0
205.9466948,13.35,-10.824,5.976,0.091,8.5,0.0
206.1465998,13.541,-10.883,5.994,0.093,8.5,0.0
206.3463221,13.733,-10.938,6.013,0.095,8.5,0.0
206.5459467,13.926,-10.989,6.032,0.098,8.427,0.0
206.7457967,14.12,-11.037,6.052,0.1,8.352,0.0
206.9466748,14.316,-11.081,6.072,0.103,8.277,0.0
207.1457351,14.511,-11.121,6.093,0.105,8.203,0.0
207.3459974,14.708,-11.157,6.115,0.108,8.129,0.0
207.5464095,14.906,-11.188,6.136,0.11,8.055,0.0
207.7462419,15.104,-11.215,6.159,0.113,7.982,0.0
207.9464543,15.303,-11.237,6.182,0.115,7.908,0.0
208.1462667,15.502,-11.255,6.205,0.118,7.835,0.0
208.3457585,15.701,-11.269,6.229,0.121,7.761,0.0
208.5459185,15.901,-11.277,6.253,0.123,7.688,0.0
208.7459585,16.101,-11.281,6.278,0.126,7.614,0.0
208.9459685,16.301,-11.279,0.02,0.129,7.54,0.0
209.1460909,16.501,-11.272,0.047,0.132,7.466,0.0
209.3464506,16.701,-11.26,0.073,0.135,7.391,0.0
209.5451791,16.899,-11.243,0.1,0.138,7.317,0.0
209.7464972,17.099,-11.22,0.128,0.14,7.241,0.0
209.9464672,17.297,-11.192,0.157,0.143,7.165,0.0
210.1453943,17.493,-11.158,0.185,0.146,7.087,0.0
210.3464142,17.69,-11.118,0.215,0.15,7.009,0.0
210.5455649,17.884,-11.073,0.245,0.153,6.93,0.0
210.7454474,18.077,-11.021,0.276,0.157,6.851,0.0
210.9460166,18.269,-10.963,0.308,0.161,6.771,0.0
211.1452401,18.458,-10.9,0.341,0.165,6.691,0.0
211.3449123,18.645,-10.83,0.375,0.176,6.62,0.0
211.5439902,18.829,-10.754,0.411,0.19,6.562,0.0
211.7444397,19.011,-10.67,0.451,0.203,6.517,0.0
211.9443522,19.189,-10.579,0.492,0.216,6.485,0.0
212.1440519,19.363,-10.481,0.537,0.23,6.471,0.0
212.3443917,19.533,-10.375,0.584,0.239,6.468,0.0
212.5441215,19.697,-10.261,0.632,0.237,6.465,0.0
212.7437411,19.855,-10.139,0.679,0.235,6.465,0.0
212.9438661,20.008,-10.01,0.726,0.232,6.467,0.0
213.1433955,20.154,-9.874,0.772,0.228,6.474,0.0
213.3435180,20.294,-9.731,0.817,0.225,6.484,0.0
213.5439101,20.428,-9.582,0.861,0.221,6.498,0.0
213.7435222,20.555,-9.428,0.905,0.219,6.515,0.0
213.9435222,20.675,-9.268,0.949,0.216,6.535,0.0
214.1435072,20.788,-9.103,0.992,0.212,6.555,0.0
214.3438469,20.894,-8.933,1.034,0.208,6.579,0.0
214.5435467,20.992,-8.759,1.075,0.205,6.606,0.0
214.7439164,21.084,-8.581,1.116,0.201,6.635,0.0
214.9434583,21.168,-8.4,1.156,0.198,6.666,0.0
215.1438430,21.245,-8.215,1.195,0.196,6.699,0.0
215.3435152,21.315,-8.028,1.234,0.194,6.732,0.0
215.5433752,21.377,-7.838,1.272,0.192,6.765,0.0
215.7433752,21.433,-7.646,1.311,0.19,6.799,0.0
215.9429873,21.48,-7.452,1.349,0.189,6.831,0.0
216.1432296,21.521,-7.256,1.386,0.188,6.863,0.0
216.3429745,21.554,-7.059,1.424,0.188,6.893,0.0
216.5425465,21.579,-6.861,1.461,0.188,6.921,0.0
216.7433549,21.597,-6.661,1.499,0.187,6.947,0.0
216.9426587,21.608,-6.462,1.536,0.187,6.971,0.0
217.1426812,21.611,-6.262,1.573,0.186,6.995,0.0
217.3427212,21.607,-6.062,1.61,0.185,7.018,0.0
217.5420826,21.595,-5.863,1.647,0.184,7.04,0.0
217.7429831,21.576,-5.663,1.684,0.183,7.062,0.0
217.9416914,21.55,-5.466,1.721,0.184,7.084,0.0
218.1424226,21.517,-5.268,1.757,0.185,7.103,0.0
218.3426650,21.476,-5.072,1.795,0.186,7.118,0.0
218.5415443,21.428,-4.879,1.832,0.186,7.131,0.0
218.7422281,21.373,-4.686,1.869,0.185,7.144,0.0
218.9420881,21.311,-4.496,1.906,0.183,7.156,0.0
219.1414120,21.242,-4.309,1.942,0.178,7.17,0.0
219.3414145,21.166,-4.124,1.977,0.172,7.191,0.0
219.5410341,21.084,-3.942,2.011,0.166,7.219,0.0
219.7413938,20.996,-3.762,2.043,0.16,7.252,0.0
219.9418058,20.902,-3.585,2.075,0.155,7.292,0.0
220.1411297,20.803,-3.412,2.105,0.15,7.336,0.0
220.3417936,20.698,-3.241,2.135,0.145,7.386,0.0
220.5412178,20.589,-3.074,2.163,0.139,7.44,0.0
220.7409476,20.475,-2.91,2.19,0.134,7.497,0.0
220.9413672,20.357,-2.748,2.217,0.129,7.559,0.0
221.1415995,20.234,-2.59,2.242,0.125,7.625,0.0
221.3413519,20.108,-2.435,2.267,0.12,7.693,0.0
221.5413619,19.978,-2.283,2.29,0.115,7.765,0.0
221.7410867,19.845,-2.134,2.313,0.11,7.84,0.0
221.9412991,19.708,-1.988,2.334,0.105,7.918,0.0
222.1414215,19.568,-1.845,2.355,0.1,8.0,0.0
222.3408307,19.426,-1.705,2.374,0.095,8.086,0.0
222.5410430,19.28,-1.568,2.393,0.09,8.175,0.0
222.7406276,19.133,-1.433,2.41,0.085,8.269,0.0
222.9410995,18.983,-1.3,2.427,0.079,8.366,0.0
223.1404610,18.831,-1.171,2.442,0.074,8.468,0.0
223.3407109,18.677,-1.043,2.456,0.069,8.5,0.0
223.5412402,18.521,-0.917,2.47,0.064,8.5,0.0
223.7406844,18.364,-0.794,2.482,0.059,8.5,0.0
223.9410965,18.205,-0.672,2.493,0.054,8.5,0.0
224.1410965,18.045,-0.552,2.503,0.049,8.5,0.0
224.3407086,17.884,-0.434,2.513,0.044,8.5,0.0
224.5405410,17.722,-0.317,2.521,0.039,8.5,0.0
224.7406035,17.559,-0.201,2.528,0.034,8.5,0.0
224.9403333,17.395,-0.087,2.535,0.03,8.5,0.0
225.1408851,17.23,0.027,2.54,0.025,8.5,0.0
225.3403067,17.065,0.139,2.545,0.02,8.5,0.0
225.5397284,16.9,0.251,2.548,0.016,8.5,0.0
225.7399782,16.734,0.363,2.551,0.011,8.5,0.0
225.9396705,16.568,0.474,2.553,0.006,8.5,0.0
226.1401948,16.401,0.585,2.554,0.002,8.5,0.0
226.3398871,16.235,0.696,2.553,-0.003,8.5,0.0
226.5395794,16.069,0.807,2.552,-0.008,8.5,0.0
226.7401037,15.902,0.918,2.55,-0.012,8.5,0.0
226.9403535,15.736,1.03,2.547,-0.017,8.5,0.0
227.1397752,15.571,1.142,2.544,-0.021,8.5,0.0
227.3397602,15.406,1.255,2.539,-0.026,8.5,0.0
227.5394900,15.242,1.369,2.533,-0.03,8.5,0.0
227.7397923,15.078,1.484,2.527,-0.035,8.5,0.0
227.9392766,14.915,1.599,2.52,-0.039,8.5,0.0
228.1396962,14.753,1.717,2.511,-0.043,8.5,0.0
228.3393083,14.592,1.835,2.502,-0.048,8.5,0.0
228.5393083,14.432,1.955,2.492,-0.052,8.5,0.0
228.7397204,14.273,2.077,2.482,-0.056,8.5,0.0
228.9391646,14.116,2.2,2.47,-0.06,8.5,0.0
229.1396939,13.96,2.326,2.458,-0.064,8.5,0.0
229.3393060,13.806,2.453,2.444,-0.069,8.5,0.0
229.5393160,13.654,2.583,2.43,-0.073,8.5,0.0
229.7392210,13.503,2.714,2.415,-0.077,8.45,0.0
229.9388707,13.355,2.848,2.399,-0.081,8.342,0.0
230.1390831,13.209,2.985,2.383,-0.085,8.237,0.0
230.3392255,13.065,3.124,2.365,-0.089,8.133,0.0
230.5393380,12.923,3.265,2.347,-0.093,8.031,0.0
230.7387872,12.785,3.409,2.328,-0.098,7.931,0.0
230.9390496,12.649,3.556,2.308,-0.102,7.833,0.0
231.1387744,12.516,3.705,2.287,-0.107,7.736,0.0
231.3387844,12.386,3.857,2.265,-0.111,7.642,0.0
231.5385367,12.26,4.012,2.243,-0.116,7.55,0.0
231.7387691,12.137,4.17,2.219,-0.121,7.46,0.0
231.9383812,12.019,4.331,2.194,-0.126,7.372,0.0
232.1386835,11.904,4.495,2.168,-0.131,7.285,0.0
232.3386560,11.794,4.662,2.142,-0.136,7.201,0.0
232.5389957,11.688,4.832,2.114,-0.142,7.119,0.0
232.7384575,11.587,5.004,2.085,-0.146,7.038,0.0
232.9389369,11.491,5.18,2.055,-0.151,6.958,0.0
233.1383961,11.401,5.358,2.025,-0.156,6.879,0.0
233.3383611,11.316,5.539,1.993,-0.16,6.8,0.0
233.5386035,11.237,5.723,1.961,-0.165,6.721,0.0
233.7384159,11.164,5.909,1.927,-0.169,6.643,0.0
233.9398830,11.097,6.099,1.893,-0.172,6.563,0.0
234.1391316,11.037,6.289,1.858,-0.176,6.48,0.0
234.3383124,10.984,6.481,1.823,-0.182,6.398,0.0
234.5398689,10.937,6.677,1.786,-0.181,6.315,0.0
234.7397113,10.898,6.873,1.75,-0.181,6.223,0.0
234.9383064,10.866,7.069,1.714,-0.182,6.124,0.0
235.1408551,10.841,7.27,1.677,-0.185,6.016,0.0
235.3406676,10.823,7.469,1.64,-0.189,5.902,0.0
235.5389199,10.813,7.667,1.602,-0.195,5.783,0.0
235.7409298,10.811,7.869,1.562,-0.199,5.659,0.0
235.9400203,10.817,8.068,1.522,-0.204,5.528,0.0
236.1395121,10.831,8.267,1.481,-0.214,5.388,0.0
236.3397245,10.853,8.466,1.436,-0.228,5.245,0.0
236.5371732,10.884,8.661,1.39,-0.236,5.098,0.0
236.7374156,10.925,8.857,1.339,-0.282,4.976,0.0
236.9372980,10.977,9.05,1.278,-0.329,4.887,0.0
237.1368400,11.041,9.239,1.208,-0.367,4.826,0.0
237.3366900,11.119,9.423,1.131,-0.4,4.789,0.0
237.5366350,11.212,9.6,1.047,-0.436,4.787,0.0
237.7366600,11.319,9.769,0.96,-0.427,4.785,0.0
237.9370720,11.441,9.928,0.876,-0.41,4.792,0.0
238.1367217,11.575,10.076,0.795,-0.398,4.814,0.0
238.3368941,11.72,10.214,0.718,-0.375,4.845,0.0
238.5374234,11.876,10.34,0.645,-0.354,4.892,0.0
238.7363330,12.039,10.454,0.576,-0.337,4.952,0.0
238.9359576,12.21,10.557,0.511,-0.318,5.019,0.0
239.1359026,12.387,10.65,0.449,-0.298,5.096,0.0
239.3351136,12.569,10.731,0.391,-0.286,5.181,0.0
239.5351386,12.756,10.802,0.335,-0.272,5.268,0.0
239.7356429,12.947,10.863,0.282,-0.259,5.358,0.0
239.9340466,13.139,10.913,0.232,-0.248,5.451,0.0
240.1354740,13.336,10.955,0.183,-0.239,5.544,0.0
240.3339103,13.532,10.986,0.136,-0.231,5.637,0.0
240.5342351,13.731,11.009,0.091,-0.224,5.728,0.0
240.7357221,13.932,11.023,0.046,-0.217,5.817,0.0
240.9337852,14.13,11.028,0.004,-0.21,5.905,0.0
241.1348250,14.331,11.024,6.246,-0.204,5.992,0.0
241.3351272,14.531,11.013,6.205,-0.2,6.078,0.0
241.5341348,14.729,10.993,6.166,-0.195,6.16,0.0
241.7349581,14.928,10.966,6.127,-0.19,6.242,0.0
241.9350431,15.125,10.931,6.09,-0.185,6.322,0.0
242.1345149,15.32,10.889,6.053,-0.179,6.401,0.0
242.3346073,15.514,10.84,6.018,-0.175,6.48,0.0
242.5346073,15.706,10.784,5.983,-0.169,6.559,0.0
242.7344673,15.896,10.722,5.95,-0.164,6.639,0.0
242.9343873,16.084,10.654,5.918,-0.159,6.719,0.0
243.1349390,16.27,10.579,5.886,-0.154,6.798,0.0
243.3346613,16.453,10.499,5.856,-0.149,6.879,0.0
243.5346263,16.634,10.414,5.827,-0.145,6.961,0.0
243.7345388,16.812,10.323,5.798,-0.14,7.043,0.0
243.9350182,16.988,10.227,5.771,-0.135,7.127,0.0
244.1348407,17.161,10.127,5.744,-0.13,7.212,0.0
244.3346531,17.331,10.022,5.719,-0.126,7.298,0.0
244.5340772,17.498,9.913,5.694,-0.121,7.385,0.0
244.7340622,17.663,9.8,5.67,-0.117,7.473,0.0
244.9347062,17.826,9.683,5.647,-0.112,7.562,0.0
245.1339071,17.985,9.563,5.625,-0.108,7.653,0.0
245.3339696,18.142,9.439,5.604,-0.104,7.744,0.0
245.5335817,18.296,9.312,5.584,-0.1,7.838,0.0
245.7342431,18.448,9.181,5.564,-0.096,7.932,0.0
245.9339679,18.597,9.048,5.545,-0.092,8.028,0.0
246.1342303,18.744,8.912,5.528,-0.088,8.126,0.0
246.3336795,18.888,8.774,5.51,-0.084,8.225,0.0
246.5337920,19.03,8.633,5.494,-0.08,8.326,0.0
246.7339144,19.17,8.49,5.479,-0.076,8.429,0.0
246.9340869,19.308,8.345,5.464,-0.072,8.5,0.0
247.1336714,19.443,8.198,5.45,-0.068,8.5,0.0
247.3340635,19.577,8.049,5.437,-0.064,8.5,0.0
247.5332142,19.708,7.899,5.424,-0.06,8.5,0.0
247.7339853,19.838,7.746,5.413,-0.056,8.5,0.0
247.9334671,19.966,7.593,5.402,-0.052,8.5,0.0
248.1332194,20.092,7.438,5.392,-0.048,8.5,0.0
248.3331219,20.217,7.282,5.383,-0.044,8.5,0.0
248.5331844,20.341,7.125,5.374,-0.04,8.5,0.0
248.7335965,20.463,6.966,5.367,-0.036,8.5,0.0
248.9334014,20.584,6.807,5.36,-0.032,8.5,0.0
249.1334014,20.704,6.647,5.354,-0.028,8.5,0.0
249.3328030,20.823,6.487,5.348,-0.024,8.5,0.0
249.5330079,20.942,6.326,5.344,-0.02,8.5,0.0
249.7334274,21.06,6.164,5.34,-0.016,8.5,0.0
249.9332599,21.177,6.002,5.337,-0.013,8.5,0.0
250.1330923,21.294,5.84,5.335,-0.009,8.5,0.0
250.3331548,21.41,5.677,5.334,-0.005,8.5,0.0
250.5324034,21.526,5.515,5.333,-0.001,8.5,0.0
250.7330473,21.643,5.352,5.334,0.003,8.5,0.0
250.9322959,21.759,5.19,5.335,0.007,8.5,0.0
251.1329399,21.876,5.027,5.336,0.011,8.5,0.0
251.3327723,21.993,4.865,5.339,0.015,8.5,0.0
251.5326048,22.11,4.703,5.342,0.019,8.5,0.0
251.7328096,22.229,4.542,5.346,0.022,8.5,0.0
251.9324218,22.347,4.381,5.351,0.026,8.5,0.0
252.1324218,22.467,4.221,5.357,0.03,8.5,0.0
252.3330234,22.588,4.061,5.363,0.033,8.5,0.0
252.5320334,22.709,3.903,5.37,0.037,8.5,0.0
252.7322658,22.832,3.745,5.378,0.04,8.5,0.0
252.9323283,22.956,3.588,5.386,0.044,8.5,0.0
253.1320806,23.082,3.433,5.395,0.047,8.5,0.0
253.3318330,23.208,3.278,5.405,0.05,8.5,0.0
253.5319579,23.337,3.125,5.415,0.054,8.5,0.0
253.7319679,23.467,2.973,5.427,0.058,8.5,0.0
253.9317778,23.599,2.823,5.439,0.062,8.5,0.0
254.1321699,23.733,2.674,5.451,0.066,8.5,0.0
254.3317545,23.868,2.527,5.465,0.071,8.5,0.0
254.5319269,24.006,2.382,5.48,0.075,8.5,0.0
254.7320494,24.146,2.239,5.495,0.08,8.5,0.0
254.9314585,24.288,2.099,5.512,0.083,8.5,0.0
255.1316310,24.433,1.961,5.529,0.087,8.5,0.0
255.3318933,24.58,1.825,5.546,0.09,8.5,0.0
255.5316181,24.729,1.692,5.565,0.094,8.5,0.0
255.7316281,24.881,1.562,5.584,0.097,8.448,0.0
255.9312402,25.035,1.435,5.604,0.101,8.375,0.0
256.1319241,25.192,1.31,5.624,0.105,8.305,0.0
256.3311250,25.351,1.19,5.646,0.109,8.239,0.0
256.5315445,25.513,1.072,5.668,0.113,8.175,0.0
256.7315295,25.678,0.959,5.691,0.117,8.115,0.0
256.9315020,25.845,0.849,5.715,0.121,8.059,0.0
257.1313144,26.015,0.744,5.739,0.125,8.005,0.0
257.3312844,26.187,0.642,5.764,0.129,7.955,0.0
257.5313694,26.362,0.545,5.791,0.131,7.906,0.0
257.7317391,26.54,0.453,5.817,0.135,7.861,0.0
257.9307617,26.719,0.366,5.844,0.139,7.818,0.0
258.1317045,26.902,0.283,5.873,0.141,7.777,0.0
258.3320891,27.087,0.206,5.901,0.145,7.74,0.0
258.5315383,27.273,0.134,5.93,0.149,7.706,0.0
258.7330054,27.463,0.067,5.96,0.151,7.674,0.0
258.9322540,27.653,0.007,5.991,0.154,7.645,0.0
259.1307408,27.844,-0.047,6.022,0.158,7.62,0.0
259.3327730,28.04,-0.096,6.054,0.161,7.599,0.0
259.5322448,28.235,-0.138,6.087,0.166,7.583,0.0
259.7315235,28.431,-0.174,6.121,0.171,7.575,0.0
259.9326254,28.63,-0.203,6.155,0.173,7.569,0.0
260.1318439,28.828,-0.225,6.19,0.175,7.566,0.0
260.3314084,29.027,-0.24,6.225,0.173,7.562,0.0
260.5326098,29.228,-0.249,6.259,0.165,7.562,0.0
260.7306124,29.426,-0.25,0.007,0.157,7.574,0.0
260.9306524,29.626,-0.246,0.038,0.152,7.597,0.0
261.1299561,29.825,-0.235,0.067,0.142,7.626,0.0
261.3295983,30.024,-0.219,0.095,0.13,7.668,0.0
261.5267201,30.22,-0.198,0.121,0.138,7.726,0.0
261.7275434,30.419,-0.171,0.149,0.143,7.769,0.0
261.9282746,30.617,-0.138,0.178,0.144,7.8,0.0
262.1259612,30.811,-0.1,0.206,0.142,7.829,0.0
262.3278151,31.008,-0.056,0.235,0.143,7.858,0.0
262.5279076,31.202,-0.007,0.264,0.144,7.884,0.0
262.7276299,31.394,0.048,0.293,0.144,7.907,0.0
262.9290871,31.586,0.109,0.322,0.144,7.93,0.0
263.1283357,31.774,0.175,0.35,0.142,7.95,0.0
263.3283607,31.961,0.246,0.378,0.138,7.972,0.0
263.5287453,32.146,0.323,0.406,0.136,7.998,0.0
263.7288703,32.329,0.404,0.433,0.132,8.028,0.0
263.9283596,32.509,0.49,0.458,0.126,8.062,0.0
264.1291630,32.688,0.581,0.483,0.122,8.102,0.0
264.3291655,32.864,0.676,0.507,0.117,8.148,0.0
264.5284894,33.037,0.775,0.53,0.112,8.199,0.0
264.7289713,33.209,0.878,0.552,0.107,8.255,0.0
264.9289963,33.378,0.985,0.573,0.102,8.317,0.0
265.1289688,33.545,1.095,0.593,0.098,8.383,0.0
265.3289538,33.71,1.208,0.612,0.094,8.453,0.0
265.5287862,33.872,1.325,0.63,0.09,8.5,0.0
265.7289911,34.033,1.444,0.648,0.087,8.5,0.0
265.9294032,34.192,1.566,0.665,0.084,8.5,0.0
266.1293057,34.348,1.691,0.681,0.081,8.5,0.0
266.3289178,34.502,1.818,0.697,0.079,8.5,0.0
266.5296888,34.655,1.948,0.713,0.077,8.5,0.0
266.7280874,34.804,2.079,0.728,0.074,8.5,0.0
266.9291496,34.953,2.214,0.742,0.071,8.5,0.0
267.1286790,35.099,2.35,0.756,0.067,8.5,0.0
267.3288514,35.244,2.488,0.769,0.063,8.5,0.0
267.5289739,35.387,2.628,0.781,0.055,8.5,0.0
267.7283780,35.528,2.769,0.791,0.048,8.5,0.0
267.9285005,35.668,2.912,0.8,0.04,8.5,0.0
268.1279497,35.806,3.056,0.807,0.032,8.5,0.0
268.3281221,35.944,3.201,0.813,0.023,8.5,0.0
268.5276065,36.081,3.346,0.816,0.015,8.5,0.0
268.7278189,36.218,3.492,0.819,0.01,8.5,0.0
268.9280312,36.355,3.638,0.821,0.006,8.5,0.0
269.1282936,36.491,3.785,0.821,0.002,8.5,0.0
269.3278230,36.627,3.931,0.821,0.001,8.5,0.0
269.5273525,36.763,4.077,0.822,0.0,8.5,0.0
269.7276148,36.899,4.224,0.822,-0.0,8.5,0.0
269.9278272,37.036,4.37,0.821,-0.0,8.5,0.0
270.1280895,37.172,4.517,0.821,-0.001,8.5,0.0
270.3276190,37.308,4.663,0.821,-0.001,8.5,0.0
270.5271484,37.444,4.809,0.821,-0.001,8.5,0.0
270.7280912,37.581,4.956,0.821,-0.001,8.5,0.0
270.9276206,37.717,5.102,0.821,-0.001,8.5,0.0
271.1271501,37.853,5.248,0.821,-0.001,8.5,0.0
271.3274124,37.989,5.395,0.821,-0.001,8.5,0.0
271.5276248,38.126,5.541,0.821,-0.001,8.5,0.0
271.7271542,38.262,5.687,0.82,-0.001,8.5,0.0
271.9266837,38.398,5.833,0.82,-0.001,8.5,0.0
272.1276265,38.535,5.98,0.82,-0.001,8.5,0.0
272.3271559,38.671,6.126,0.82,-0.001,8.5,0.0
272.5266854,38.807,6.272,0.82,-0.001,8.5,0.0
272.7268977,38.944,6.418,0.82,-0.001,8.5,0.0
272.9264272,39.08,6.564,0.82,-0.001,8.5,0.0
273.1273700,39.217,6.711,0.82,-0.001,8.5,0.0
273.3268994,39.353,6.857,0.82,-0.001,8.5,0.0
273.5271118,39.49,7.003,0.819,-0.001,8.5,0.0
273.7266412,39.626,7.149,0.819,-0.001,8.5,0.0
273.9268536,39.763,7.295,0.819,-0.001,8.5,0.0
274.1263831,39.899,7.441,0.819,-0.001,8.5,0.0
274.3265955,40.036,7.587,0.819,-0.001,8.5,0.0
274.5261249,40.172,7.733,0.819,-0.001,8.5,0.0
274.7263373,40.309,7.879,0.819,-0.001,8.5,0.0
274.9265497,40.446,8.025,0.818,-0.001,8.5,0.0
275.1260791,40.582,8.171,0.818,-0.001,8.5,0.0
275.3262915,40.719,8.317,0.818,-0.001,8.5,0.0
275.5265039,40.856,8.463,0.818,-0.001,8.5,0.0
275.7260334,40.992,8.609,0.818,-0.001,8.5,0.0
275.9262457,41.129,8.755,0.818,-0.001,8.5,0.0
276.1264581,41.266,8.901,0.818,-0.001,8.5,0.0
276.3266705,41.403,9.047,0.818,-0.001,8.5,0.0
276.5254694,41.539,9.192,0.817,-0.001,8.5,0.0
276.7256818,41.676,9.338,0.817,-0.001,8.5,0.0
276.9258942,41.813,9.484,0.817,-0.001,8.5,0.0
277.1261066,41.95,9.63,0.817,-0.001,8.5,0.0
277.3263190,42.087,9.776,0.817,-0.001,8.5,0.0
277.5258033,42.224,9.921,0.817,-0.001,8.5,0.0
277.7260157,42.361,10.067,0.817,-0.001,8.5,0.0
277.9255451,42.497,10.213,0.816,-0.001,8.5,0.0
278.1250295,42.634,10.358,0.816,-0.001,8.5,0.0
278.3252419,42.771,10.504,0.816,-0.001,8.5,0.0
278.5254542,42.908,10.65,0.816,-0.001,8.5,0.0
278.7249386,43.045,10.795,0.816,-0.001,8.5,0.0
278.9251510,43.182,10.941,0.816,-0.001,8.5,0.0
279.1253633,43.319,11.087,0.816,-0.001,8.5,0.0
279.3248477,43.456,11.232,0.816,-0.001,8.5,0.0
279.5257457,43.594,11.378,0.815,-0.001,8.5,0.0
279.7252300,43.731,11.523,0.815,-0.001,8.5,0.0
279.9254424,43.868,11.669,0.815,-0.001,8.5,0.0
280.1249267,44.005,11.814,0.815,-0.001,8.5,0.0
280.3251391,44.142,11.96,0.815,-0.001,8.5,0.0
280.5246234,44.279,12.105,0.815,-0.001,8.5,0.0
280.7248358,44.416,12.251,0.815,-0.001,8.5,0.0
280.9250083,44.554,12.396,0.815,-0.001,8.5,0.0
281.1252206,44.691,12.542,0.814,-0.001,8.5,0.0
281.3247050,44.828,12.687,0.814,-0.001,8.5,0.0
281.5249174,44.965,12.833,0.814,-0.001,8.5,0.0
281.7244017,45.102,12.978,0.814,-0.001,8.5,0.0
281.9245741,45.24,13.123,0.814,-0.001,8.5,0.0
282.1247865,45.377,13.269,0.814,-0.001,8.5,0.0
282.3242709,45.514,13.414,0.814,-0.001,8.5,0.0
282.5244433,45.652,13.559,0.813,-0.001,8.5,0.0
282.7246557,45.789,13.705,0.813,-0.001,8.5,0.0
282.9248281,45.927,13.85,0.813,-0.001,8.5,0.0
283.1243124,46.064,13.995,0.813,-0.001,8.5,0.0
283.3237968,46.201,14.14,0.813,-0.001,8.5,0.0
283.5246947,46.339,14.286,0.813,-0.001,8.5,0.0
283.7241791,46.476,14.431,0.813,-0.0,8.5,0.0
283.9243515,46.614,14.576,0.813,-0.0,8.5,0.0
284.1238358,46.751,14.721,0.813,0.0,8.5,0.0
284.3240083,46.889,14.866,0.813,0.002,8.5,0.0
284.5242207,47.026,15.012,0.813,0.003,8.5,0.0
284.7237050,47.163,15.157,0.814,0.004,8.5,0.0
284.9238774,47.301,15.302,0.815,0.006,8.5,0.0
285.1240898,47.438,15.448,0.816,0.007,8.5,0.0
285.3243022,47.575,15.594,0.818,0.009,8.5,0.0
285.5238316,47.711,15.74,0.82,0.01,8.5,0.0
285.7233611,47.847,15.886,0.822,0.012,8.5,0.0
285.9236234,47.983,16.033,0.825,0.014,8.5,0.0
286.1238857,48.119,16.18,0.827,0.015,8.5,0.0
286.3234703,48.254,16.327,0.83,0.016,8.5,0.0
286.5237925,48.389,16.475,0.834,0.017,8.5,0.0
286.7234422,48.523,16.623,0.837,0.018,8.5,0.0
286.9231671,48.656,16.772,0.841,0.019,8.5,0.0
287.1228919,48.789,16.921,0.845,0.021,8.5,0.0
287.3233638,48.922,17.071,0.849,0.022,8.5,0.0
287.5225145,49.053,17.221,0.854,0.023,8.5,0.0
287.7238302,49.185,17.373,0.859,0.024,8.5,0.0
287.9230813,49.315,17.524,0.864,0.026,8.5,0.0
288.1232062,49.444,17.677,0.869,0.027,8.5,0.0
288.3233312,49.573,17.83,0.874,0.028,8.5,0.0
288.5228130,49.701,17.983,0.88,0.029,8.5,0.0
288.7231977,49.828,18.138,0.886,0.03,8.5,0.0
288.9229500,49.954,18.293,0.892,0.032,8.5,0.0
289.1228525,50.079,18.449,0.899,0.033,8.5,0.0
289.3229150,50.203,18.606,0.905,0.034,8.5,0.0
289.5231473,50.326,18.764,0.912,0.035,8.5,0.0
289.7227670,50.448,18.922,0.919,0.037,8.5,0.0
289.9227670,50.568,19.082,0.927,0.038,8.5,0.0
290.1227670,50.688,19.242,0.935,0.039,8.5,0.0
290.3223791,50.806,19.403,0.943,0.041,8.5,0.0
290.5230231,50.923,19.566,0.951,0.042,8.5,0.0
290.7225074,51.038,19.729,0.959,0.043,8.5,0.0
290.9222372,51.152,19.893,0.968,0.044,8.5,0.0
291.1222222,51.265,20.058,0.977,0.046,8.5,0.0
291.3227465,51.376,20.225,0.986,0.047,8.5,0.0
291.5221707,51.485,20.392,0.996,0.048,8.5,0.0
291.7218905,51.593,20.56,1.006,0.05,8.5,0.0
291.9222302,51.699,20.73,1.016,0.051,8.5,0.0
292.1220426,51.804,20.9,1.026,0.052,8.5,0.0
292.3225245,51.907,21.072,1.037,0.054,8.5,0.0
292.5214818,52.007,21.244,1.048,0.055,8.5,0.0
292.7216742,52.106,21.418,1.059,0.056,8.5,0.0
292.9217592,52.203,21.593,1.07,0.058,8.5,0.0
293.1217617,52.298,21.769,1.082,0.059,8.5,0.0
293.3217067,52.391,21.946,1.094,0.06,8.5,0.0
293.5216192,52.482,22.124,1.106,0.061,8.5,0.0
293.7215242,52.571,22.303,1.118,0.063,8.5,0.0
293.9219163,52.657,22.484,1.131,0.064,8.5,0.0
294.1214583,52.741,22.665,1.144,0.065,8.5,0.0
294.3215832,52.822,22.848,1.157,0.067,8.5,0.0
294.5222222,52.902,23.032,1.171,0.068,8.5,0.0
294.7213001,52.978,23.216,1.184,0.07,8.5,0.0
294.9214800,53.052,23.402,1.198,0.071,8.5,0.0
295.1218621,53.124,23.589,1.213,0.072,8.5,0.0
295.3221244,53.193,23.777,1.227,0.074,8.5,0.0
295.5210440,53.258,23.965,1.242,0.075,8.5,0.0
295.7215334,53.322,24.155,1.257,0.077,8.5,0.0
295.9217358,53.382,24.346,1.273,0.078,8.5,0.0
296.1210597,53.439,24.537,1.289,0.08,8.5,0.0
296.3214718,53.493,24.73,1.305,0.081,8.5,0.0
296.5210964,53.544,24.923,1.321,0.083,8.5,0.0
296.7209464,53.592,25.117,1.338,0.084,8.5,0.0
296.9208488,53.636,25.312,1.355,0.086,8.5,0.0
297.1210912,53.677,25.508,1.372,0.088,8.5,0.0
297.3207409,53.715,25.704,1.39,0.089,8.5,0.0
297.5216389,53.749,25.902,1.408,0.091,8.5,0.0
297.7210630,53.78,26.099,1.427,0.093,8.5,0.0
297.9208955,53.807,26.297,1.445,0.095,8.5,0.0
298.1212202,53.83,26.496,1.464,0.096,8.5,0.0
298.3211252,53.849,26.695,1.484,0.098,8.5,0.0
298.5207674,53.865,26.894,1.504,0.1,8.5,0.0
298.7210696,53.876,27.094,1.524,0.102,8.5,0.0
298.9201927,53.883,27.293,1.544,0.104,8.5,0.0
299.1202152,53.886,27.493,1.565,0.105,8.5,0.0
299.3202177,53.885,27.693,1.586,0.106,8.5,0.0
299.5202802,53.88,27.893,1.607,0.106,8.5,0.0
299.7204826,53.871,28.093,1.629,0.105,8.5,0.0
299.9199744,53.857,28.292,1.649,0.102,8.5,0.0
300.1196993,53.84,28.491,1.669,0.099,8.5,0.0
300.3199116,53.818,28.69,1.689,0.097,8.5,0.0
300.5194837,53.793,28.888,1.708,0.094,8.5,0.0
300.7197435,53.763,29.086,1.727,0.091,8.5,0.0
300.9193256,53.731,29.283,1.745,0.089,8.5,0.0
301.1197701,53.694,29.48,1.762,0.086,8.5,0.0
301.3196125,53.655,29.676,1.779,0.083,8.5,0.0
301.5192973,53.612,29.871,1.795,0.08,8.5,0.0
301.7186763,53.566,30.065,1.811,0.078,8.5,0.0
301.9199845,53.516,30.26,1.826,0.075,8.5,0.0
302.1186425,53.465,30.452,1.841,0.072,8.5,0.0
302.3193264,53.41,30.645,1.855,0.07,8.5,0.0
302.5189385,53.352,30.836,1.869,0.067,8.5,0.0
302.7191409,53.292,31.027,1.882,0.064,8.5,0.0
302.9190008,53.23,31.217,1.895,0.062,8.5,0.0
303.1188658,53.165,31.406,1.907,0.059,8.5,0.0
303.3184479,53.098,31.594,1.918,0.057,8.5,0.0
303.5187102,53.029,31.782,1.929,0.054,8.5,0.0
303.7187352,52.958,31.969,1.94,0.051,8.5,0.0
303.9185476,52.885,32.155,1.95,0.049,8.5,0.0
304.1190993,52.81,32.341,1.959,0.046,8.5,0.0
304.3185611,52.733,32.525,1.968,0.044,8.5,0.0
304.5184110,52.655,32.709,1.977,0.041,8.5,0.0
304.7186534,52.576,32.893,1.985,0.039,8.5,0.0
304.9191852,52.494,33.076,1.992,0.036,8.5,0.0
305.1188048,52.412,33.258,1.999,0.034,8.5,0.0
305.3183468,52.328,33.439,2.006,0.031,8.5,0.0
305.5183118,52.243,33.62,2.012,0.029,8.5,0.0
305.7187039,52.157,33.801,2.017,0.026,8.5,0.0
305.9181933,52.071,33.981,2.022,0.023,8.5,0.0
306.1185529,51.983,34.161,2.027,0.021,8.5,0.0
306.3180147,51.895,34.34,2.031,0.018,8.5,0.0
306.5179197,51.806,34.519,2.034,0.016,8.5,0.0
306.7182719,51.716,34.698,2.037,0.013,8.5,0.0
306.9177312,51.626,34.876,2.039,0.011,8.5,0.0
307.1185345,51.535,35.055,2.041,0.008,8.5,0.0
307.3184470,51.444,35.233,2.043,0.006,8.5,0.0
307.5183595,51.353,35.411,2.044,0.003,8.5,0.0
307.7182720,51.262,35.589,2.044,0.001,8.5,0.0
307.9181845,51.171,35.767,2.044,-0.002,8.5,0.0
308.1180969,51.08,35.945,2.044,-0.004,8.5,0.0
308.3180094,50.989,36.123,2.043,-0.006,8.5,0.0
308.5179219,50.898,36.301,2.041,-0.009,8.5,0.0
308.7182741,50.808,36.48,2.039,-0.011,8.5,0.0
308.9177334,50.718,36.658,2.036,-0.014,8.5,0.0
309.1180856,50.628,36.837,2.033,-0.016,8.5,0.0
309.3179905,50.539,37.016,2.03,-0.019,8.5,0.0
309.5174523,50.451,37.195,2.026,-0.021,8.5,0.0
309.7173748,50.364,37.375,2.021,-0.024,8.5,0.0
309.9181981,50.277,37.556,2.016,-0.026,8.5,0.0
310.1176875,50.191,37.736,2.011,-0.029,8.5,0.0
310.3172294,50.107,37.917,2.005,-0.031,8.5,0.0
310.5176789,50.023,38.099,1.998,-0.034,8.5,0.0
310.7172986,49.941,38.281,1.991,-0.037,8.5,0.0
310.9174235,49.86,38.464,1.984,-0.039,8.5,0.0
311.1176659,49.781,38.648,1.975,-0.042,8.5,0.0
311.3175158,49.703,38.832,1.967,-0.045,8.5,0.0
311.5179004,49.626,39.017,1.958,-0.047,8.5,0.0
311.7171515,49.552,39.202,1.948,-0.05,8.5,0.0
311.9169640,49.479,39.388,1.938,-0.053,8.5,0.0
312.1169890,49.408,39.575,1.927,-0.055,8.5,0.0
312.3169089,49.34,39.763,1.915,-0.058,8.5,0.0
312.5174333,49.273,39.952,1.904,-0.061,8.5,0.0
312.7169752,49.209,40.141,1.891,-0.064,8.5,0.0
312.9177861,49.147,40.332,1.878,-0.067,8.5,0.0
313.1167358,49.088,40.522,1.864,-0.07,8.5,0.0
313.3167358,49.032,40.714,1.85,-0.073,8.5,0.0
313.5171479,48.978,40.907,1.835,-0.076,8.5,0.0
313.7167725,48.927,41.1,1.82,-0.079,8.5,0.0
313.9163847,48.88,41.294,1.804,-0.083,8.5,0.0
314.1165096,48.835,41.489,1.787,-0.088,8.5,0.0
314.3167520,48.794,41.685,1.769,-0.092,8.5,0.0
314.5162138,48.757,41.881,1.75,-0.097,8.5,0.0
314.7161262,48.723,42.078,1.73,-0.102,8.5,0.0
314.9163861,48.693,42.276,1.709,-0.106,8.5,0.0
315.1159581,48.668,42.474,1.688,-0.104,8.5,0.0
315.3160631,48.647,42.673,1.667,-0.102,8.5,0.0
315.5157879,48.63,42.872,1.647,-0.1,8.5,0.0
315.7162773,48.616,43.072,1.628,-0.096,8.5,0.0
315.9154807,48.607,43.271,1.609,-0.092,8.5,0.0
316.1155707,48.601,43.471,1.591,-0.088,8.5,0.0
316.3155807,48.599,43.671,1.573,-0.085,8.5,0.0
316.5155832,48.6,43.871,1.557,-0.081,8.5,0.0
316.7156232,48.604,44.071,1.541,-0.078,8.5,0.0
316.9157831,48.612,44.271,1.526,-0.074,8.5,0.0
317.1160330,48.622,44.471,1.511,-0.071,8.5,0.0
317.3154571,48.635,44.67,1.498,-0.067,8.5,0.0
317.5150993,48.651,44.869,1.485,-0.064,8.5,0.0
317.7150043,48.67,45.068,1.472,-0.06,8.5,0.0
317.9151093,48.691,45.267,1.461,-0.057,8.5,0.0
318.1154340,48.714,45.466,1.45,-0.053,8.5,0.0
318.3150061,48.739,45.664,1.439,-0.05,8.5,0.0
318.5148385,48.766,45.862,1.43,-0.046,8.5,0.0
318.7149509,48.795,46.06,1.421,-0.043,8.5,0.0
318.9153630,48.826,46.258,1.412,-0.04,8.5,0.0
319.1149451,48.858,46.455,1.405,-0.036,8.5,0.0
319.3148576,48.892,46.652,1.398,-0.033,8.5,0.0
319.5149426,48.927,46.849,1.392,-0.03,8.5,0.0
319.7152049,48.963,47.046,1.386,-0.027,8.5,0.0
319.9146667,49.0,47.242,1.381,-0.023,8.5,0.0
320.1145091,49.039,47.438,1.377,-0.02,8.5,0.0
320.3143515,49.078,47.634,1.373,-0.017,8.5,0.0
320.5141940,49.117,47.83,1.37,-0.014,8.5,0.0
320.7142340,49.157,48.026,1.367,-0.011,8.5,0.0
320.9144763,49.198,48.222,1.366,-0.007,8.5,0.0
321.1147187,49.239,48.418,1.364,-0.004,8.5,0.0
321.3149610,49.28,48.614,1.364,-0.001,8.5,0.0
321.5142247,49.321,48.809,1.364,0.002,8.5,0.0
321.7144670,49.362,49.005,1.365,0.005,8.5,0.0
321.9147094,49.403,49.201,1.366,0.008,8.5,0.0
322.1137697,49.443,49.396,1.368,0.011,8.5,0.0
322.3138097,49.483,49.592,1.37,0.014,8.5,0.0
322.5138497,49.523,49.788,1.373,0.017,8.5,0.0
322.7136921,49.562,49.984,1.377,0.02,8.5,0.0
322.9143236,49.6,50.181,1.381,0.023,8.5,0.0
323.1137854,49.637,50.377,1.386,0.026,8.5,0.0
323.3140477,49.673,50.574,1.392,0.029,8.5,0.0
323.5141327,49.708,50.771,1.398,0.032,8.5,0.0
323.7140452,49.742,50.968,1.405,0.035,8.5,0.0
323.9136272,49.774,51.165,1.412,0.038,8.5,0.0
324.1140393,49.805,51.363,1.42,0.04,8.5,0.0
324.3141518,49.834,51.561,1.428,0.043,8.5,0.0
324.5131317,49.862,51.758,1.437,0.045,8.5,0.0
324.7138230,49.888,51.957,1.446,0.048,8.5,0.0
324.9132722,49.912,52.155,1.456,0.05,8.5,0.0
325.1134846,49.934,52.354,1.466,0.053,8.5,0.0
325.3133896,49.953,52.553,1.477,0.055,8.5,0.0
325.5132020,49.971,52.752,1.488,0.058,8.5,0.0
325.7137637,49.986,52.952,1.5,0.06,8.5,0.0
325.9131879,49.999,53.151,1.512,0.063,8.5,0.0
326.1134901,50.01,53.351,1.525,0.066,8.5,0.0
326.3136126,50.017,53.551,1.539,0.068,8.5,0.0
326.5136751,50.022,53.751,1.552,0.071,8.5,0.0
326.7126977,50.025,53.95,1.567,0.074,8.5,0.0
326.9127002,50.024,54.15,1.582,0.077,8.5,0.0
327.1127402,50.02,54.35,1.598,0.079,8.5,0.0
327.3128627,50.013,54.55,1.614,0.082,8.5,0.0
327.5131125,50.003,54.75,1.63,0.085,8.5,0.0
327.7136019,49.989,54.95,1.648,0.088,8.5,0.0
327.9133267,49.972,55.149,1.666,0.091,8.5,0.0
328.1133292,49.952,55.348,1.684,0.093,8.5,0.0
328.3129013,49.927,55.546,1.703,0.096,8.5,0.0
328.5128713,49.899,55.744,1.722,0.099,8.5,0.0
328.7124533,49.867,55.941,1.743,0.102,8.477,0.0
328.9128978,49.83,56.138,1.763,0.105,8.412,0.0
329.1129378,49.79,56.334,1.784,0.108,8.349,0.0
329.3128403,49.746,56.529,1.806,0.111,8.288,0.0
329.5129328,49.697,56.723,1.829,0.114,8.228,0.0
329.7130777,49.644,56.916,1.852,0.117,8.172,0.0
329.9126899,49.586,57.107,1.876,0.12,8.117,0.0
330.1128623,49.523,57.297,1.9,0.124,8.065,0.0
330.3133866,49.456,57.486,1.925,0.127,8.016,0.0
330.5124770,49.385,57.672,1.951,0.131,7.97,0.0
330.7128617,49.308,57.857,1.977,0.134,7.927,0.0
330.9124813,49.226,58.039,2.005,0.138,7.888,0.0
331.1128734,49.14,58.22,2.033,0.142,7.853,0.0
331.3132431,49.048,58.398,2.061,0.145,7.821,0.0
331.5124540,48.951,58.572,2.091,0.15,7.795,0.0
331.7132848,48.849,58.745,2.121,0.153,7.772,0.0
331.9133098,48.742,58.914,2.152,0.156,7.752,0.0
332.1127315,48.63,59.079,2.184,0.159,7.737,0.0
332.3131510,48.512,59.241,2.216,0.162,7.725,0.0
332.5133834,48.389,59.399,2.249,0.165,7.717,0.0
332.7114566,48.262,59.551,2.282,0.168,7.713,0.0
332.9125934,48.128,59.701,2.315,0.168,7.71,0.0
333.1127658,47.99,59.846,2.349,0.165,7.707,0.0
333.3107607,47.849,59.985,2.381,0.161,7.708,0.0
333.5110231,47.702,60.121,2.413,0.156,7.716,0.0
333.7102742,47.551,60.251,2.443,0.149,7.732,0.0
333.9100265,47.396,60.377,2.472,0.143,7.757,0.0
334.1096462,47.238,60.499,2.5,0.14,7.789,0.0
334.3108749,47.075,60.617,2.528,0.136,7.824,0.0
334.5094699,46.911,60.729,2.555,0.13,7.863,0.0
334.7097323,46.743,60.838,2.58,0.125,7.908,0.0
334.9112490,46.571,60.943,2.605,0.12,7.96,0.0
335.1097056,46.399,61.042,2.628,0.114,8.016,0.0
335.3097905,46.224,61.139,2.65,0.108,8.079,0.0
335.5101602,46.046,61.231,2.672,0.102,8.149,0.0
335.7100652,45.867,61.32,2.691,0.096,8.223,0.0
335.9100302,45.686,61.405,2.71,0.09,8.305,0.0
336.1100627,45.504,61.488,2.727,0.084,8.392,0.0
336.3099126,45.32,61.566,2.743,0.078,8.486,0.0
336.5102972,45.135,61.643,2.758,0.072,8.5,0.0
336.7101097,44.949,61.716,2.772,0.066,8.5,0.0
336.9101347,44.762,61.787,2.785,0.06,8.5,0.0
337.1094585,44.575,61.856,2.796,0.054,8.5,0.0
337.3099828,44.386,61.923,2.806,0.048,8.5,0.0
337.5098478,44.197,61.988,2.815,0.043,8.5,0.0
337.7100202,44.007,62.051,2.823,0.037,8.5,0.0
337.9098802,43.817,62.113,2.83,0.031,8.5,0.0
338.1103845,43.626,62.174,2.836,0.025,8.5,0.0
338.3102895,43.435,62.233,2.84,0.02,8.5,0.0
338.5104919,43.244,62.293,2.844,0.014,8.5,0.0
338.7101040,43.053,62.351,2.846,0.009,8.5,0.0
338.9097161,42.862,62.409,2.847,0.003,8.5,0.0
339.1102853,42.67,62.467,2.847,-0.003,8.5,0.0
339.3098975,42.479,62.525,2.846,-0.008,8.5,0.0
339.5098024,42.288,62.584,2.844,-0.014,8.5,0.0
339.7097074,42.097,62.643,2.84,-0.02,8.5,0.0
339.9099098,41.906,62.703,2.836,-0.025,8.5,0.0
340.1101122,41.715,62.763,2.83,-0.031,8.5,0.0
340.3099722,41.525,62.825,2.823,-0.037,8.5,0.0
340.5104616,41.335,62.889,2.815,-0.043,8.5,0.0
340.7100035,41.146,62.953,2.806,-0.048,8.5,0.0
340.9095856,40.958,63.02,2.796,-0.054,8.5,0.0
341.1098479,40.77,63.089,2.785,-0.06,8.5,0.0
341.3098729,40.583,63.16,2.772,-0.066,8.5,0.0
341.5096853,40.397,63.233,2.758,-0.072,8.5,0.0
341.7100700,40.212,63.31,2.743,-0.078,8.5,0.0
341.9103123,40.028,63.389,2.727,-0.084,8.5,0.0
342.1099320,39.846,63.471,2.709,-0.09,8.5,0.0
342.3098970,39.665,63.556,2.691,-0.096,8.5,0.0
342.5098019,39.486,63.645,2.671,-0.102,8.5,0.0
342.7097469,39.309,63.738,2.65,-0.106,8.5,0.0
342.9102264,39.133,63.834,2.629,-0.107,8.5,0.0
343.1086829,38.961,63.933,2.608,-0.108,8.5,0.0
343.3088253,38.79,64.037,2.586,-0.107,8.5,0.0
343.5080062,38.622,64.144,2.565,-0.105,8.5,0.0
343.7085305,38.455,64.255,2.544,-0.101,8.5,0.0
343.9074400,38.292,64.369,2.524,-0.101,8.5,0.0
344.1072724,38.13,64.486,2.504,-0.102,8.5,0.0
344.3078740,37.97,64.607,2.483,-0.102,8.5,0.0
344.5071527,37.814,64.731,2.463,-0.101,8.5,0.0
344.7075374,37.659,64.858,2.443,-0.1,8.5,0.0
344.9075474,37.507,64.988,2.423,-0.1,8.5,0.0
345.1072722,37.358,65.121,2.403,-0.099,8.5,0.0
345.3075345,37.211,65.257,2.383,-0.099,8.5,0.0
345.5076770,37.067,65.396,2.364,-0.098,8.5,0.0
345.7070861,36.927,65.538,2.344,-0.097,8.5,0.0
345.9072285,36.788,65.682,2.325,-0.096,8.5,0.0
346.1075508,36.653,65.83,2.305,-0.096,8.5,0.0
346.3072756,36.52,65.979,2.286,-0.095,8.5,0.0
346.5072856,36.39,66.131,2.268,-0.094,8.5,0.0
346.7076702,36.263,66.286,2.249,-0.093,8.5,0.0
346.9071144,36.14,66.443,2.23,-0.092,8.5,0.0
347.1075265,36.018,66.602,2.212,-0.092,8.5,0.0
347.3071386,35.9,66.763,2.194,-0.091,8.5,0.0
347.5074409,35.785,66.927,2.175,-0.09,8.5,0.0
347.7068626,35.673,67.092,2.157,-0.09,8.5,0.0
347.9071249,35.564,67.26,2.14,-0.089,8.5,0.0
348.1071499,35.457,67.429,2.122,-0.089,8.5,0.0
348.3076318,35.354,67.601,2.104,-0.089,8.5,0.0
348.5074542,35.254,67.774,2.086,-0.088,8.5,0.0
348.7075392,35.157,67.949,2.069,-0.088,8.5,0.0
348.9070687,35.063,68.125,2.051,-0.088,8.5,0.0
349.1069811,34.972,68.303,2.033,-0.088,8.5,0.0
349.3069036,34.885,68.483,2.016,-0.088,8.5,0.0
349.5068686,34.8,68.664,1.998,-0.088,8.5,0.0
349.7069936,34.719,68.847,1.981,-0.088,8.5,0.0
349.9068435,34.641,69.031,1.963,-0.088,8.5,0.0
350.1073953,34.566,69.217,1.946,-0.088,8.5,0.0
350.3068445,34.494,69.403,1.928,-0.088,8.5,0.0
350.5067645,34.426,69.591,1.911,-0.088,8.5,0.0
350.7066295,34.361,69.78,1.893,-0.088,8.5,0.0
350.9064894,34.299,69.97,1.875,-0.089,8.5,0.0
351.1070586,34.241,70.162,1.857,-0.089,8.5,0.0
351.3067809,34.186,70.354,1.84,-0.09,8.5,0.0
351.5064056,34.135,70.547,1.822,-0.09,8.5,0.0
351.7072264,34.087,70.742,1.803,-0.091,8.5,0.0
351.9061535,34.043,70.936,1.785,-0.092,8.5,0.0
352.1063958,34.002,71.132,1.767,-0.093,8.5,0.0
352.3058576,33.965,71.328,1.748,-0.091,8.5,0.0
352.5057701,33.931,71.525,1.73,-0.089,8.5,0.0
352.7060299,33.901,71.723,1.713,-0.086,8.5,0.0
352.9057297,33.875,71.921,1.696,-0.083,8.5,0.0
353.1060544,33.852,72.12,1.68,-0.08,8.5,0.0
353.3061594,33.831,72.319,1.664,-0.077,8.5,0.0
353.5058842,33.814,72.518,1.649,-0.075,8.5,0.0
353.7053761,33.8,72.717,1.634,-0.073,8.5,0.0
353.9056783,33.789,72.917,1.62,-0.07,8.5,0.0
354.1058383,33.781,73.117,1.606,-0.069,8.5,0.0
354.3059283,33.775,73.317,1.592,-0.067,8.5,0.0
354.5059508,33.772,73.517,1.579,-0.065,8.5,0.0
354.7059508,33.772,73.717,1.566,-0.063,8.5,0.0
354.9059608,33.774,73.917,1.554,-0.061,8.5,0.0
355.1060233,33.779,74.117,1.542,-0.059,8.5,0.0
355.3061457,33.786,74.317,1.53,-0.057,8.5,0.0
355.5053491,33.795,74.516,1.519,-0.055,8.5,0.0
355.7056514,33.806,74.716,1.508,-0.052,8.5,0.0
355.9061408,33.82,74.916,1.498,-0.05,8.5,0.0
356.1057053,33.835,75.115,1.488,-0.047,8.5,0.0
356.3055177,33.853,75.314,1.479,-0.044,8.5,0.0
356.5054227,33.872,75.513,1.471,-0.04,8.5,0.0
356.7055277,33.893,75.712,1.463,-0.037,8.5,0.0
356.9057401,33.915,75.911,1.456,-0.033,8.5,0.0
357.1060648,33.938,76.11,1.45,-0.028,8.5,0.0
357.3066290,33.963,76.309,1.445,-0.023,8.5,0.0
357.5052090,33.988,76.506,1.441,-0.018,8.5,0.0
357.7060323,34.015,76.705,1.438,-0.011,8.5,0.0
357.9068556,34.042,76.904,1.436,-0.004,8.5,0.0
358.1055639,34.068,77.101,1.436,0.004,8.5,0.0
358.3053963,34.095,77.299,1.438,0.01,8.5,0.0
358.5060877,34.121,77.498,1.44,0.014,8.5,0.0
358.7047960,34.147,77.695,1.444,0.019,8.5,0.0
358.9053602,34.172,77.894,1.448,0.027,8.5,0.0
359.1048094,34.196,78.092,1.454,0.036,8.5,0.0
359.3050218,34.218,78.291,1.463,0.046,8.5,0.0
359.5030344,34.238,78.488,1.473,0.057,8.5,0.0
359.7029394,34.257,78.687,1.485,0.067,8.5,0.0
359.9045752,34.273,78.888,1.499,0.074,8.5,0.0
360.1009422,34.285,79.084,1.514,0.069,8.5,0.0
360.3011921,34.295,79.284,1.527,0.064,8.5,0.0
360.5043496,34.303,79.487,1.539,0.059,8.5,0.0
360.7024128,34.308,79.685,1.551,0.059,8.5,0.0
360.9024353,34.311,79.885,1.563,0.06,8.5,0.0
361.1034353,34.311,80.086,1.575,0.062,8.5,0.0
361.3044452,34.309,80.287,1.588,0.063,8.5,0.0
361.5045077,34.304,80.487,1.601,0.065,8.5,0.0
361.7046302,34.297,80.687,1.614,0.068,8.5,0.0
361.9058788,34.287,80.888,1.628,0.066,8.5,0.0
362.1072987,34.274,81.089,1.64,0.063,8.5,0.0
362.3058661,34.259,81.287,1.653,0.061,8.5,0.0
362.5086665,34.241,81.489,1.664,0.049,8.5,0.0
362.7095670,34.222,81.689,1.672,0.029,8.5,0.0
362.9055899,34.202,81.884,1.675,0.005,8.5,0.0
363.1056949,34.181,82.083,1.676,0.009,8.5,0.0
363.3049134,34.159,82.281,1.679,0.02,8.5,0.0
363.5030295,34.138,82.478,1.684,0.033,8.5,0.0
363.7004934,34.114,82.674,1.694,0.06,8.5,0.0
363.9011847,34.088,82.873,1.708,0.085,8.5,0.0
364.1012972,34.059,83.071,1.727,0.1,8.5,0.0
364.3000558,34.026,83.267,1.748,0.107,8.5,0.0
364.5016693,33.988,83.465,1.77,0.115,8.5,0.0
364.7019117,33.947,83.661,1.794,0.117,8.5,0.0
364.9015238,33.9,83.855,1.817,0.115,8.5,0.0
365.1021154,33.849,84.049,1.84,0.114,8.5,0.0
365.3018377,33.794,84.241,1.862,0.111,8.5,0.0
365.5020401,33.734,84.432,1.884,0.108,8.5,0.0
365.7025295,33.67,84.622,1.905,0.105,8.5,0.0
365.9021116,33.603,84.81,1.926,0.102,8.5,0.0
366.1021366,33.532,84.997,1.946,0.098,8.5,0.0
366.3021391,33.456,85.182,1.965,0.095,8.5,0.0
366.5019890,33.378,85.366,1.984,0.092,8.5,0.0
366.7025208,33.296,85.549,2.002,0.088,8.5,0.0
366.9029130,33.21,85.73,2.019,0.085,8.5,0.0
367.1023747,33.122,85.909,2.036,0.083,8.5,0.0
367.3022872,33.031,86.087,2.053,0.08,8.5,0.0
367.5026993,32.937,86.264,2.068,0.078,8.5,0.0
367.7027843,32.84,86.439,2.084,0.076,8.5,0.0
367.9021081,32.741,86.612,2.099,0.074,8.5,0.0
368.1020781,32.639,86.784,2.113,0.072,8.5,0.0
368.3027420,32.534,86.955,2.127,0.07,8.5,0.0
368.5027670,32.427,87.124,2.141,0.069,8.5,0.0
368.7021912,32.318,87.291,2.155,0.067,8.5,0.0
368.9018835,32.207,87.457,2.168,0.066,8.5,0.0
369.1024352,32.093,87.622,2.181,0.065,8.5,0.0
369.3019195,31.978,87.785,2.194,0.064,8.5,0.0
369.5023391,31.86,87.947,2.207,0.063,8.5,0.0
369.7023391,31.74,88.107,2.219,0.061,8.5,0.0
369.9019587,31.618,88.265,2.232,0.06,8.5,0.0
370.1014030,31.495,88.422,2.243,0.056,8.5,0.0
370.3019323,31.369,88.578,2.254,0.05,8.5,0.0
370.5023169,31.242,88.733,2.263,0.044,8.5,0.0
370.7017987,31.114,88.886,2.271,0.037,8.5,0.0
370.9011602,30.985,89.038,2.278,0.03,8.5,0.0
371.1018216,30.854,89.19,2.283,0.022,8.5,0.0
371.3017266,30.723,89.341,2.287,0.015,8.5,0.0
371.5016316,30.592,89.492,2.289,0.009,8.5,0.0
371.7014415,30.46,89.642,2.291,0.003,8.5,0.0
371.9012514,30.328,89.792,2.291,-0.001,8.5,0.0
372.1011564,30.197,89.943,2.29,-0.002,8.5,0.0
372.3009663,30.065,90.093,2.29,-0.003,8.5,0.0
372.5015280,29.933,90.244,2.289,-0.003,8.5,0.0
372.7006787,29.802,90.394,2.289,-0.002,8.5,0.0
372.9012404,29.67,90.545,2.288,-0.001,8.5,0.0
373.1003911,29.539,90.695,2.288,-0.001,8.5,0.0
373.3009528,29.407,90.846,2.288,0.0,8.5,0.0
373.5008578,29.276,90.997,2.288,0.001,8.5,0.0
373.7006677,29.144,91.147,2.289,0.002,8.5,0.0
373.9005727,29.013,91.298,2.289,0.004,8.5,0.0
374.1003826,28.881,91.448,2.29,0.005,8.5,0.0
374.3009443,28.749,91.599,2.291,0.007,8.5,0.0
374.5007542,28.617,91.749,2.293,0.009,8.5,0.0
374.7005641,28.485,91.899,2.295,0.011,8.5,0.0
374.9002889,28.352,92.048,2.297,0.013,8.5,0.0
375.1007608,28.219,92.198,2.3,0.015,8.5,0.0
375.3004857,28.086,92.347,2.303,0.017,8.5,0.0
375.5001354,27.952,92.495,2.307,0.019,8.5,0.0
375.7004576,27.817,92.643,2.311,0.021,8.5,0.0
375.9000422,27.682,92.79,2.315,0.023,8.5,0.0
376.1003045,27.546,92.937,2.32,0.025,8.5,0.0
376.2998339,27.41,93.083,2.325,0.027,8.5,0.0
376.5000064,27.272,93.228,2.331,0.029,8.5,0.0
376.7001788,27.134,93.373,2.337,0.031,8.5,0.0
376.9003212,26.995,93.517,2.343,0.032,8.5,0.0
377.0997304,26.855,93.659,2.35,0.034,8.5,0.0
377.2998428,26.714,93.801,2.356,0.035,8.5,0.0
377.4999553,26.572,93.942,2.364,0.036,8.5,0.0
377.7000778,26.429,94.082,2.371,0.038,8.5,0.0
377.9002202,26.285,94.221,2.379,0.039,8.5,0.0
378.0997045,26.14,94.358,2.386,0.04,8.5,0.0
378.2999169,25.994,94.495,2.395,0.041,8.5,0.0
378.4995015,25.847,94.63,2.403,0.043,8.5,0.0
378.6991512,25.699,94.764,2.412,0.044,8.5,0.0
378.8996231,25.549,94.897,2.421,0.046,8.5,0.0
379.0995281,25.398,95.028,2.43,0.047,8.5,0.0
379.2995381,25.246,95.158,2.44,0.049,8.5,0.0
379.4990199,25.093,95.286,2.449,0.05,8.5,0.0
379.6994046,24.938,95.413,2.46,0.052,8.5,0.0
379.8993071,24.782,95.538,2.47,0.053,8.5,0.0
380.0993695,24.625,95.662,2.481,0.055,8.5,0.0
380.2997816,24.466,95.784,2.492,0.056,8.5,0.0
380.4989825,24.307,95.904,2.503,0.058,8.5,0.0
380.6994021,24.145,96.022,2.515,0.06,8.5,0.0
380.8986507,23.983,96.138,2.527,0.061,8.5,0.0
381.0983805,23.819,96.252,2.54,0.063,8.5,0.0
381.2986303,23.653,96.364,2.552,0.065,8.5,0.0
381.4986028,23.486,96.474,2.565,0.066,8.5,0.0
381.6983226,23.318,96.582,2.579,0.068,8.5,0.0
381.8986623,23.148,96.688,2.593,0.069,8.5,0.0
382.0982870,22.977,96.791,2.607,0.071,8.5,0.0
382.2986117,22.804,96.892,2.621,0.073,8.5,0.0
382.4983115,22.63,96.99,2.636,0.074,8.5,0.0
382.6987909,22.454,97.086,2.651,0.076,8.5,0.0
382.8982728,22.277,97.178,2.666,0.077,8.5,0.0
383.0990761,22.098,97.269,2.682,0.079,8.5,0.0
383.2980988,21.919,97.356,2.697,0.08,8.5,0.0
383.4985483,21.737,97.44,2.714,0.082,8.5,0.0
383.6981679,21.555,97.522,2.73,0.083,8.5,0.0
383.8980178,21.371,97.6,2.747,0.085,8.5,0.0
384.0980203,21.186,97.676,2.764,0.086,8.5,0.0
384.2984025,20.999,97.748,2.781,0.088,8.5,0.0
384.4986648,20.811,97.817,2.799,0.089,8.5,0.0
384.6985298,20.622,97.882,2.817,0.091,8.5,0.0
384.8983897,20.432,97.944,2.835,0.092,8.5,0.0
385.0982947,20.241,98.003,2.854,0.094,8.5,0.0
385.2980170,20.049,98.058,2.873,0.095,8.5,0.0
385.4986086,19.855,98.109,2.892,0.097,8.5,0.0
385.6984586,19.661,98.157,2.911,0.099,8.5,0.0
385.8981433,19.466,98.2,2.931,0.1,8.5,0.0
386.0981833,19.27,98.24,2.952,0.102,8.5,0.0
386.2974620,19.074,98.276,2.972,0.104,8.5,0.0
386.4978741,18.876,98.307,2.993,0.106,8.5,0.0
386.6978441,18.678,98.335,3.014,0.108,8.5,0.0
386.8981688,18.479,98.358,3.036,0.11,8.5,0.0
387.0980738,18.28,98.377,3.058,0.112,8.5,0.0
387.2975656,18.081,98.391,3.081,0.114,8.5,0.0
387.4978155,17.881,98.401,3.104,0.116,8.5,0.0
387.6979055,17.681,98.407,3.127,0.118,8.5,0.0
387.8979055,17.481,98.407,3.151,0.121,8.5,0.0
388.0969457,17.282,98.403,3.175,0.123,8.5,0.0
388.2981943,17.081,98.393,3.2,0.126,8.5,0.0
388.4976861,16.882,98.379,3.226,0.128,8.5,0.0
388.6975911,16.683,98.36,3.252,0.132,8.5,0.0
388.8981553,16.484,98.335,3.278,0.135,8.5,0.0
389.0974265,16.287,98.305,3.306,0.138,8.5,0.0
