x_m,y_m,heading,theta_rad,kappa_1pm,v_mps,ld_m
2.5163203,8.4035590,1.5877121,1.5877121,-0.0571774,5.7398961,2.0
2.5129462,8.6030048,1.5670477,1.5670477,-0.1037694,5.5205300,2.0
2.5136951,8.8027850,1.5375817,1.5375817,-0.1475594,5.3313811,1.6
2.5203339,9.0025872,1.5002513,1.5002513,-0.1866581,5.1656094,0.6
2.5344211,9.2019467,1.4560964,1.4560964,-0.2212632,5.0166407,0.6
2.5572648,9.4002331,1.4055917,1.4055917,-0.2532377,4.8777348,0.6
2.5901395,9.5974133,1.3483223,1.3483223,-0.2860446,4.7386954,0.6
2.6342959,9.7926068,1.2832878,1.2832878,-0.3241615,4.5924375,0.6
2.6910379,9.9844963,1.2092221,1.2092221,-0.3686173,4.4347386,0.6
2.7617999,10.1715978,1.1244805,1.1244805,-0.4211660,4.2599761,0.9
2.8481310,10.3520108,1.0271869,1.0271869,-0.4832291,4.0602651,0.9
2.9517096,10.5234002,0.9144122,0.9144122,-0.5557897,3.8239012,0.9
3.0741388,10.6823316,0.7779037,0.7779037,-0.6773075,3.5324289,0.6
3.2148395,10.8209390,0.6311076,0.6311076,-0.7523065,3.1549727,0.9
3.3756928,10.9384926,0.5353558,0.5353558,-0.6598545,2.6060560,2.0
3.5469286,11.0400584,0.7072384,0.7072384,1.4819115,2.0369641,2.0
3.6965750,11.1679669,0.6873860,0.6873860,-0.2142132,1.7435639,2.0
3.8481094,11.2923692,0.5089208,0.5089208,-0.9463728,1.6993588,2.0
4.0247021,11.3908978,0.3256823,0.3256823,-0.9115329,1.7197286,2.0
4.2147878,11.4550912,0.1439836,0.1439836,-0.9051270,1.7765798,2.0
4.4129133,11.4838168,-0.0322501,-0.0322501,-0.8778379,1.8796842,2.0
4.6125428,11.4773765,-0.1927238,-0.1927238,-0.8018554,2.0265796,2.0
4.8083630,11.4391630,-0.3323310,-0.3323310,-0.6976735,2.2591597,2.0
4.9971111,11.3740201,-0.4549885,-0.4549885,-0.6115377,2.5622080,2.0
5.1766143,11.2862031,-0.5656774,-0.5656774,-0.5526938,2.8565163,2.0
5.3452048,11.1791672,-0.6669960,-0.6669960,-0.5072721,3.1012659,2.0
5.5018924,11.0557951,-0.7604443,-0.7604443,-0.4672789,3.3093895,2.0
5.6464621,10.9182663,-0.8479902,-0.8479902,-0.4381451,3.4939847,2.0
5.7785911,10.7684678,-0.9310015,-0.9310015,-0.4143776,3.6592043,2.0
5.8980011,10.6080190,-1.0098946,-1.0098946,-0.3954669,3.8082681,2.0
6.0042472,10.4388929,-1.0842510,-1.0842510,-0.3723241,3.9422756,2.0
6.0977551,10.2621156,-1.1545330,-1.1545330,-0.3514198,4.0631587,2.0
6.1785304,10.0794066,-1.2202457,-1.2202457,-0.3293990,4.1766987,2.0
6.2470744,9.8919500,-1.2800384,-1.2800384,-0.2999667,4.2868932,2.0
6.3042781,9.7007857,-1.3327242,-1.3327242,-0.2641673,4.3979499,2.0
6.3513435,9.5068410,-1.3779841,-1.3779841,-0.2264286,4.5134839,2.0
6.3896430,9.3106724,-1.4157383,-1.4157383,-0.1887760,4.6365551,2.0
6.4204964,9.1132900,-1.4461748,-1.4461748,-0.1523524,4.7663345,2.0
6.4453234,8.9151032,-1.4697987,-1.4697987,-0.1182794,4.9025795,2.0
6.4654574,8.7164303,-1.4870838,-1.4870838,-0.0866311,5.0448469,2.0
6.4821363,8.5176557,-1.4982279,-1.4982279,-0.0558566,5.1925148,2.0
6.4966077,8.3185885,-1.5042241,-1.5042241,-0.0269084,5.3446427,2.0
6.5098911,8.1193497,-1.5081091,-1.5081091,-0.0193705,5.4993229,2.0
6.5223930,7.9201779,-1.5106536,-1.5106536,-0.0126627,5.6545809,2.0
6.5343977,7.7208150,-1.5120730,-1.5120730,-0.0069635,5.8094356,2.0
6.5461221,7.5213895,-1.5129310,-1.5129310,-0.0041896,5.9628064,2.0
6.5576790,7.3218919,-1.5139046,-1.5139046,-0.0047154,6.1137274,2.0
6.5690407,7.1224000,-1.5154837,-1.5154837,-0.0075655,6.2613874,2.0
6.5800823,6.9229819,-1.5181253,-1.5181253,-0.0129580,6.4043815,2.0
6.5905978,6.7235218,-1.5222247,-1.5222247,-0.0204142,6.5417503,2.0
6.6002975,6.5239801,-1.5281456,-1.5281456,-0.0295835,6.6732524,2.0
6.6088152,6.3243930,-1.5362325,-1.5362325,-0.0404011,6.7979597,2.0
6.6157168,6.1247953,-1.5468050,-1.5468050,-0.0528084,6.9147938,2.0
6.6205057,5.9252243,-1.5601672,-1.5601672,-0.0667429,7.0225033,2.0
6.6226298,5.7253939,-1.5765600,-1.5765600,-0.0819921,7.1164715,2.0
6.6214780,5.5255591,-1.5961108,-1.5961108,-0.0978080,7.1980398,0.9
6.6164207,5.3258226,-1.6188195,-1.6188195,-0.1136051,7.2667882,0.9
6.6068322,5.1263120,-1.6445503,-1.6445503,-0.1288082,7.3228024,0.9
6.5921196,4.9271916,-1.6730590,-1.6730590,-0.1429281,7.3667212,0.9
6.5717466,4.7286643,-1.7040580,-1.7040580,-0.1556581,7.3996722,0.9
6.5452235,4.5308136,-1.7372706,-1.7372706,-0.1667283,7.4227196,0.9
6.5120935,4.3336457,-1.7723786,-1.7723786,-0.1758921,7.4372808,0.9
6.4720682,4.1377868,-1.8090130,-1.8090130,-0.1834387,7.4454432,1.6
6.4249033,3.9435546,-1.8467549,-1.8467549,-0.1889649,7.4480912,1.6
6.3704531,3.7512759,-1.8850121,-1.8850121,-0.1916791,7.4459591,1.6
6.3087069,3.5612772,-1.9228879,-1.9228879,-0.1898170,7.4396387,1.6
6.2398518,3.3738657,-1.9594266,-1.9594266,-0.1838192,7.4295901,0.9
6.1643143,3.1893825,-1.9926038,-1.9926038,-0.1689032,7.4161487,0.9
6.0826105,3.0073096,-2.0187418,-2.0187418,-0.1293423,7.3993965,0.9
5.9959312,2.8269245,-2.0370516,-2.0370516,-0.0921991,7.3794861,0.9
5.9062602,2.6487456,-2.0477469,-2.0477469,-0.0528168,7.3572006,0.9
5.8147744,2.4717018,-2.0535993,-2.0535993,-0.0264456,7.3339460,0.9
5.7221399,2.2949787,-2.0594319,-2.0594319,-0.0276986,7.3113184,0.9
5.6284001,2.1186557,-2.0699306,-2.0699306,-0.0512420,7.2897707,0.9
5.5329450,1.9435662,-2.0876564,-2.0876564,-0.0888776,7.2696864,0.9
5.4344386,1.7702615,-2.1127976,-2.1127976,-0.1267539,7.2510452,0.9
5.3313746,1.5991024,-2.1441453,-2.1441453,-0.1576491,7.2336319,0.9
5.2228727,1.4310657,-2.1799816,-2.1799816,-0.1797568,7.2171337,0.9
5.1084192,1.2670233,-2.2186496,-2.2186496,-0.1949565,7.2009355,0.9
4.9878286,1.1076853,-2.2581761,-2.2581761,-0.1986829,7.1832457,0.9
4.8611271,0.9533483,-2.2976702,-2.2976702,-0.1971109,7.1002545,0.9
4.7284038,0.8041042,-2.3374723,-2.3374723,-0.1997709,7.0049344,0.9
4.5899855,0.6604034,-2.3773616,-2.3773616,-0.2003105,6.9063633,0.9
4.4459597,0.5223493,-2.4169096,-2.4169096,-0.1985157,6.8048262,0.9
4.2965710,0.3900824,-2.4556363,-2.4556363,-0.1940605,6.7002654,0.9
4.1421354,0.2636675,-2.4933195,-2.4933195,-0.1887303,6.5925954,0.9
3.9829328,0.1430742,-2.5299026,-2.5299026,-0.1829504,6.4816940,0.9
3.8192736,0.0282775,-2.5653969,-2.5653969,-0.1774356,6.3673591,0.9
3.6515402,-0.0807064,-2.5998669,-2.5998669,-0.1722743,6.2493446,0.9
3.4803975,-0.1836963,-2.6335993,-2.6335993,-0.1690282,6.1267488,0.9
3.3060920,-0.2807369,-2.6667692,-2.6667692,-0.1659033,5.9990237,0.9
3.1284760,-0.3720402,-2.7000379,-2.7000379,-0.1663839,5.8669690,0.9
2.9477889,-0.4574476,-2.7340695,-2.7340695,-0.1700701,5.7438166,0.9
2.7642371,-0.5366850,-2.7690589,-2.7690589,-0.1757574,5.6423575,0.9
2.5783281,-0.6093347,-2.8045575,-2.8045575,-0.1778052,5.5514057,0.9
2.3898756,-0.6753693,-2.8405169,-2.8405169,-0.1799317,5.4604405,0.9
2.1990834,-0.7346132,-2.8771578,-2.8771578,-0.1832690,5.3683553,0.9
2.0062361,-0.7868316,-2.9148238,-2.9148238,-0.1883845,5.2751802,0.9
1.8116463,-0.8317308,-2.9538238,-2.9538238,-0.1951975,5.1850449,0.9
1.6154195,-0.8690153,-2.9943579,-2.9943579,-0.2028201,5.0966092,0.9
1.4178313,-0.8983192,-3.0366456,-3.0366456,-0.2116138,5.0095868,0.9
1.2192365,-0.9192380,-3.0809601,-3.0809601,-0.2217591,4.9240270,0.9
1.0198872,-0.9313399,-3.1275885,-3.1275885,-0.2332995,4.8406341,0.9
0.8201165,-0.9341377,3.1063916,3.1063916,-0.2461784,4.7596631,0.9
0.6205035,-0.9271082,3.0543614,3.0543614,-0.2603869,4.6808939,0.9
0.4216267,-0.9097158,2.9992451,2.9992451,-0.2759535,4.6044757,0.9
0.2240037,-0.8813931,2.9407629,2.9407629,-0.2927664,4.5309454,0.9
0.0281698,-0.8415264,2.8787230,2.8787230,-0.3103533,4.4608925,0.9
-0.1647371,-0.7896158,2.8130767,2.8130767,-0.3284270,4.3936037,0.9
-0.3537105,-0.7252009,2.7437431,2.7437431,-0.3472072,4.3289584,0.9
-0.5376197,-0.6479111,2.6705491,2.6705491,-0.3668843,4.2669924,0.9
-0.7156599,-0.5572389,2.5934531,2.5934531,-0.3861779,4.2106741,0.9
-0.8862695,-0.4530735,2.5129566,2.5129566,-0.4024678,4.1594445,0.9
-1.0478684,-0.3355866,2.4292551,2.4292551,-0.4184284,4.1133338,2.0
-1.1990202,-0.2050517,2.3421357,2.3421357,-0.4355761,4.0728531,2.0
-1.3380957,-0.0620097,2.2520186,2.2520186,-0.4538979,4.0386177,2.0
-1.4636014,0.0928047,2.1606638,2.1606638,-0.4560447,4.0113920,2.0
-1.5747036,0.2587865,2.0668731,2.0668731,-0.4698639,3.9931657,2.0
-1.6698125,0.4345173,1.9710081,1.9710081,-0.4801603,3.9924086,2.0
-1.7476358,0.6184781,1.8736894,1.8736894,-0.4868362,3.9961502,2.0
-1.8072053,0.8090950,1.7747221,1.7747221,-0.4954064,4.0067817,1.6
-1.8476462,1.0046502,1.6740566,1.6740566,-0.5039890,4.0260237,1.6
-1.8682281,1.2032619,1.5721170,1.5721170,-0.5105423,4.0531810,2.0
-1.8684917,1.4028524,1.4694248,1.4694248,-0.5149398,4.0830142,2.0
-1.8483250,1.6011089,1.3658020,1.3658020,-0.5197808,4.1106109,2.0
-1.8075473,1.7972358,1.2612973,1.2612973,-0.5220007,4.1335100,2.0
-1.7464208,1.9883904,1.1583865,1.1583865,-0.5169728,4.1498299,2.0
-1.6668326,2.1703066,1.0656052,1.0656052,-0.4800786,4.1568320,2.0
-1.5697677,2.3458111,1.0550158,1.0550158,-0.2143378,4.1469182,2.0
-1.4723766,2.5175850,1.1307174,1.1307174,1.8000320,4.1203788,2.0
-1.3886188,2.6954612,1.0221411,1.0221411,-0.5262661,4.1662420,2.0
-1.2839204,2.8667451,0.9269829,0.9269829,-0.4758018,4.2631034,2.0
-1.1641476,3.0263383,0.8409605,0.8409605,-0.4272635,4.3648544,2.0
-1.0306293,3.1755838,0.7618497,0.7618497,-0.3933390,4.4596405,2.0
-0.8857518,3.3137938,0.6909430,0.6909430,-0.3536219,4.5494265,2.0
-0.7315195,3.4413320,0.6305732,0.6305732,-0.3021503,4.6431632,2.0
-0.5699229,3.5592964,0.5826433,0.5826433,-0.2405218,4.7506187,2.0
-0.4029014,3.6693557,0.5478922,0.5478922,-0.1745232,4.8770586,1.6
-0.2325702,3.7732933,0.5259412,0.5259412,-0.1094800,5.0269179,1.6
-0.0598547,3.8735508,0.5158103,0.5158103,-0.0504021,5.1941822,0.6
0.1139919,3.9721239,0.5167454,0.5167454,0.0047614,5.3744747,0.6
0.2877779,4.0708775,0.5283649,0.5283649,0.0580764,5.5461099,0.6
0.4603398,4.1716058,0.5504728,0.5504728,0.1107647,5.6908205,0.6
0.6304698,4.2760241,0.5830748,0.5830748,0.1631585,5.7936325,0.6
0.7972883,4.3860529,0.6265094,0.6265094,0.2190327,5.6505021,0.6
0.9593614,4.5033585,0.6793606,0.6793606,0.2641844,5.5153035,1.2
1.1150801,4.6291176,0.7407274,0.7407274,0.3056944,5.3864842,2.0
1.2628405,4.7642333,0.8103191,0.8103191,0.3457942,5.2594692,2.0
1.4009233,4.9093758,0.8878986,0.8878986,0.3851890,5.1300040,2.0
1.5273092,5.0647431,0.9707129,0.9707129,0.4123805,4.9943708,2.0
1.6393626,5.2285018,1.0613842,1.0613842,0.4602350,4.8523746,2.0
1.7369928,5.4032824,1.0528288,1.0528288,0.0959803,4.7417200,2.0
1.8346592,5.5746672,0.9289291,0.9289291,-0.8515484,4.7395391,2.0
1.9528476,5.7327893,0.9471093,0.9471093,0.1604371,4.7987305,2.0
2.0696008,5.8950615,1.0161007,1.0161007,0.3558827,4.8674987,2.0
2.1749209,6.0650465,1.0946869,1.0946869,0.3944546,4.9347012,2.0
2.2669105,6.2434330,1.1736711,1.1736711,0.3958102,4.9972206,2.0
2.3443494,6.4280713,1.2497894,1.2497894,0.3826122,5.0543240,2.0
2.4073983,6.6176879,1.3217760,1.3217760,0.3616694,5.1061539,2.0
2.4566018,6.8111750,1.3891184,1.3891184,0.3389723,5.1531573,2.0
2.4926636,7.0074793,1.4506014,1.4506014,0.3097501,5.1958537,1.6
2.5165942,7.2056179,1.5041075,1.5041075,0.2694044,5.2453766,1.6
2.5298945,7.4047605,1.5470923,1.5470923,0.2157690,5.3157787,0.6
2.5346259,7.6043266,1.5775474,1.5775474,0.1520028,5.4148666,0.6
2.5332777,7.8040238,1.5955364,1.5955364,0.0895131,5.5408170,0.6
2.5283349,8.0037723,1.6023357,1.6023357,0.0335407,5.6874935,0.6
2.5220304,8.2035990,1.5993448,1.5993448,-0.0156604,5.8129722,0.6
2.5163203,8.4035590,0.0000000,0.0000000,-0.0571774,5.7398961,0.9
