x_m,y_m,heading,theta_rad,kappa_1pm,v_mps
7.6125247,2.4898900,-0.3115155,-0.3115155,-0.0012683,8.4936970
7.8028695,2.4285991,-0.3118217,-0.3118217,-0.0015657,8.4966557
7.9931956,2.3672499,-0.3121538,-0.3121538,-0.0016611,8.4967224
8.1835013,2.3058375,-0.3125028,-0.3125028,-0.0017456,8.4967224
8.3737855,2.2443587,-0.3128680,-0.3128680,-0.0018273,8.4967217
8.5640473,2.1828104,-0.3132497,-0.3132497,-0.0019083,8.4967210
8.7542855,2.1211895,-0.3136467,-0.3136467,-0.0019860,8.4967202
8.9444992,2.0594931,-0.3140578,-0.3140578,-0.0020585,8.4967194
9.1346875,1.9977185,-0.3144821,-0.3144821,-0.0021232,8.4967185
9.3248496,1.9358632,-0.3149170,-0.3149170,-0.0021770,8.4967175
9.5149848,1.8739252,-0.3153595,-0.3153595,-0.0022164,8.4967165
9.7050925,1.8119031,-0.3158063,-0.3158063,-0.0022370,8.4967154
9.8951724,1.7497961,-0.3162522,-0.3162522,-0.0022344,8.4967143
10.0852247,1.6876043,-0.3166922,-0.3166922,-0.0022035,8.4967132
10.2752496,1.6253289,-0.3171179,-0.3171179,-0.0021387,8.4967120
10.4652480,1.5629726,-0.3175237,-0.3175237,-0.0020342,8.4967107
10.6552211,1.5005392,-0.3178985,-0.3178985,-0.0018840,8.4967094
10.8451708,1.4380346,-0.3182331,-0.3182331,-0.0016818,8.4967080
11.0350997,1.3754664,-0.3185150,-0.3185150,-0.0014215,8.4967067
11.2250111,1.3128446,-0.3187325,-0.3187325,-0.0010970,8.4967052
11.4149089,1.2501815,-0.3188701,-0.3188701,-0.0007029,8.4967038
11.6047980,1.1874923,-0.3189147,-0.3189147,-0.0002341,8.4967024
11.7946835,1.1247949,-0.3188490,-0.3188490,0.0003133,8.4967010
11.9845730,1.0621100,-0.3186580,-0.3186580,0.0009412,8.4966997
12.1744741,0.9994615,-0.3183256,-0.3183256,0.0016502,8.4966985
12.3643958,0.9368762,-0.3178360,-0.3178360,0.0024384,8.4966974
12.5543478,0.8743840,-0.3171733,-0.3171733,0.0033012,8.4966966
12.7443408,0.8120178,-0.3163254,-0.3163254,0.0042309,8.4966959
12.9343861,0.7498129,-0.3152814,-0.3152814,0.0052163,8.4966955
13.1244957,0.6878066,-0.3140322,-0.3140322,0.0062424,8.4966954
13.3146821,0.6260380,-0.3125747,-0.3125747,0.0072906,8.4966953
13.5049576,0.5645469,-0.3109075,-0.3109075,0.0083374,8.4966952
13.6953348,0.5033733,-0.3090372,-0.3090372,0.0093623,8.4966946
13.8858250,0.4425562,-0.3069727,-0.3069727,0.0103247,8.4966929
14.0764407,0.3821324,-0.3047270,-0.3047270,0.0112554,8.4966888
14.2671872,0.3221382,-0.3023295,-0.3023295,0.0119609,8.4966804
14.4580872,0.2625983,-0.2998017,-0.2998017,0.0128994,8.4966656
14.6491078,0.2035502,-0.2974986,-0.2974986,0.0111354,8.4966438
14.8402300,0.1449526,-0.2948823,-0.2948823,0.0130949,8.4964673
15.0315563,0.0868396,-0.2915544,-0.2915544,0.0165580,8.4828412
15.2231180,0.0293507,-0.2872836,-0.2872836,0.0212074,8.3521549
15.4149213,-0.0273189,-0.2814568,-0.2814568,0.0290509,8.1541007
15.6070531,-0.0828704,-0.2735647,-0.2735647,0.0394063,7.9571163
15.7996171,-0.1369038,-0.2633040,-0.2633040,0.0512326,7.7641018
15.9927219,-0.1889576,-0.2503740,-0.2503740,0.0645771,7.5768572
16.1864778,-0.2385088,-0.2345234,-0.2345234,0.0791859,7.3967691
16.3809870,-0.2849809,-0.2155595,-0.2155595,0.0947690,7.2248187
16.5763332,-0.3277542,-0.1933690,-0.1933690,0.1109468,7.0615474
16.7725703,-0.3661805,-0.1679111,-0.1679111,0.1273429,6.9070748
16.9697118,-0.3995974,-0.1392137,-0.1392137,0.1436162,6.7611658
17.1677213,-0.4273425,-0.1073605,-0.1073605,0.1594839,6.6233240
17.3665107,-0.4487670,-0.0724706,-0.0724706,0.1747164,6.4929193
17.5659686,-0.4632472,-0.0347025,-0.0347025,0.1890782,6.3693980
17.7658278,-0.4701856,0.0057583,0.0057583,0.2025258,6.2517550
17.9657989,-0.4690341,0.0487083,0.0487083,0.2149620,6.1393557
18.1655287,-0.4592979,0.0939288,0.0939288,0.2263143,6.0316355
18.3646051,-0.4405437,0.1411937,0.1411937,0.2364652,5.9280703
18.5625620,-0.4124062,0.1904112,0.1904112,0.2459057,5.8280895
18.7588843,-0.3745658,0.2416617,0.2416617,0.2571423,5.7306412
18.9530131,-0.3267172,0.2945250,0.2945250,0.2631536,5.6306813
19.1443297,-0.2686818,0.3501882,0.3501882,0.2783215,5.5378810
19.3320968,-0.2001014,0.4091898,0.4091898,0.2963744,5.4737438
19.5156161,-0.1205149,0.4705704,0.4705704,0.3079250,5.4359956
19.6939436,-0.0298026,0.5330815,0.5330815,0.3128805,5.4100666
19.8662824,0.0718883,0.5959680,0.5959680,0.3143177,5.3843963
20.0318831,0.1842043,0.6588011,0.6588011,0.3141194,5.3584866
20.1900334,0.3066420,0.7208682,0.7208682,0.3107190,5.3350185
20.3401172,0.4385064,0.7809838,0.7809838,0.3016204,5.3159230
20.4818247,0.5789683,0.8377431,0.8377431,0.2845396,5.3023855
20.6158925,0.7278612,0.8895439,0.8895439,0.2595164,5.2963638
20.7417017,0.8830404,0.9356814,0.9356814,0.2301685,5.2972912
20.8601366,1.0437438,0.9780364,0.9780364,0.2102507,5.3053515
20.9716010,1.2092292,1.0230164,1.0230164,0.2241848,5.3201206
21.0757144,1.3798916,1.0760353,1.0760353,0.2675545,5.3391770
21.1706262,1.5558108,1.1341952,1.1341952,0.2908845,5.3610438
21.2549764,1.7365735,1.1959051,1.1959051,0.3098264,5.3844027
21.3281675,1.9225733,1.2587897,1.2587897,0.3147131,5.4091568
21.3895732,2.1129541,1.3207507,1.3207507,0.3096186,5.4363949
21.4390833,2.3068145,1.3804205,1.3804205,0.2980237,5.4678241
21.4769476,2.5032982,1.4368428,1.4368428,0.2818121,5.5053183
21.5036730,2.7016159,1.4893731,1.4893731,0.2624516,5.5504225
21.5199495,2.9010739,1.5376623,1.5376623,0.2413447,5.6039423
21.5265792,3.1010878,1.5816523,1.5816523,0.2199067,5.6658160
21.5244069,3.3011824,1.6214991,1.6214991,0.1993217,5.7353231
21.5142785,3.5007714,1.6575180,1.6575180,0.1800800,5.8123692
21.4969606,3.6999658,1.6900584,1.6900584,0.1625736,5.8950419
21.4731627,3.8985618,1.7194064,1.7194064,0.1465733,5.9827838
21.4435422,4.0964093,1.7458047,1.7458047,0.1318499,6.0752225
21.4087103,4.2934031,1.7694639,1.7694639,0.1181978,6.1721122
21.3692361,4.4894768,1.7905626,1.7905626,0.1054449,6.2732972
21.3256508,4.6845993,1.8092517,1.8092517,0.0934360,6.3786890
21.2784394,4.8788208,1.8256682,1.8256682,0.0819999,6.4883464
21.2279816,5.0724886,1.8399156,1.8399156,0.0711466,6.6026849
21.1747656,5.2654329,1.8520789,1.8520789,0.0605820,6.7212472
21.1192265,5.4576473,1.8624787,1.8624787,0.0519787,6.8441362
21.0617183,5.6491843,1.8713315,1.8713315,0.0442821,6.9711637
21.0025259,5.8401751,1.8787661,1.8787661,0.0371820,7.1019095
20.9419188,6.0307093,1.8849415,1.8849415,0.0308739,7.2358244
20.8801385,6.2208586,1.8900644,1.8900644,0.0255930,7.3722757
20.8173867,6.4106835,1.8943756,1.8943756,0.0215197,7.5105523
20.7538195,6.6002290,1.8981354,1.8981354,0.0187502,7.6498694
20.6895432,6.7895250,1.9015967,1.9015967,0.0172585,7.7893772
20.6246155,6.9785874,1.9049727,1.9049727,0.0168460,7.9281649
20.5590521,7.1674232,1.9083980,1.9083980,0.0171242,8.0652452
20.4928410,7.3560369,1.9119147,1.9119147,0.0176110,8.1993867
20.4259592,7.5444386,1.9154862,1.9154862,0.0179082,8.3282394
20.3583966,7.7326235,1.9190599,1.9190599,0.0178317,8.4403933
20.2901802,7.9205154,1.9226386,1.9226386,0.0179284,8.4953280
20.2213020,8.1081343,1.9263310,1.9263310,0.0183400,8.4965460
20.1517446,8.2954623,1.9298085,1.9298085,0.0178464,8.4966216
20.0815865,8.4824132,1.9327142,1.9327142,0.0141082,8.4967492
20.0108425,8.6692730,1.9369058,1.9369058,0.0206447,8.4969217
19.9392233,8.8560761,1.9434754,1.9434754,0.0330128,8.4971053
19.8663645,9.0424403,1.9520770,1.9520770,0.0430218,8.4972569
19.7919045,9.2281731,1.9627066,1.9627066,0.0530880,8.4973367
19.7154655,9.4131257,1.9753989,1.9753989,0.0634544,8.4973109
19.6366865,9.5970903,1.9900677,1.9900677,0.0733654,8.4971516
19.5552287,9.7798545,2.0066088,2.0066088,0.0828759,8.4968400
19.4708436,9.9610648,2.0249132,2.0249132,0.0916623,8.4963712
19.3831165,10.1407809,2.0448878,2.0448878,0.0998989,8.4958712
19.2917843,10.3187734,2.0664304,2.0664304,0.1076376,8.4955179
19.1966221,10.4947888,2.0894381,2.0894381,0.1149005,8.4954344
19.0974373,10.6685656,2.1137988,2.1137988,0.1216673,8.4956267
18.9940691,10.8398416,2.1393822,2.1393822,0.1278538,8.4960090
18.8863867,11.0083652,2.1660190,2.1660190,0.1332772,8.4964613
18.7742892,11.1739092,2.1934818,2.1934818,0.1375984,8.4968821
18.6577078,11.3362854,2.2214360,2.2214360,0.1402624,8.4971958
18.5366175,11.4953606,2.2493915,2.2493915,0.1403476,8.4973456
18.4110690,11.6510622,2.2766168,2.2766168,0.1368268,8.4972942
18.2812434,11.8033883,2.3021192,2.3021192,0.1276320,8.4970320
18.1475496,11.9523835,2.3257821,2.3257821,0.1179961,8.4965783
18.0106056,12.0979211,2.3465161,2.3465161,0.1055159,8.4959768
17.8708568,12.2404015,2.3629711,2.3629711,0.0813974,8.4952949
17.7286596,12.3806844,2.3785449,2.3785449,0.0772871,8.4946063
17.5841271,12.5188964,2.3952593,2.3952593,0.0828407,8.4939711
17.4375214,12.6544731,2.4138888,2.4138888,0.0932054,8.4934425
17.2883471,12.7873562,2.4345585,2.4345585,0.1035628,8.4930211
17.1363629,12.9172092,2.4569712,2.4569712,0.1122506,8.4926950
16.9814374,13.0436801,2.4806837,2.4806837,0.1186718,8.4924484
16.8235225,13.1664688,2.5052537,2.5052537,0.1229122,8.4922806
16.6626295,13.2853476,2.5303100,2.5303100,0.1253093,8.4922003
16.4988114,13.4001562,2.5555623,2.5555623,0.1262679,8.4922156
16.3321517,13.5107885,2.5808004,2.5808004,0.1261768,8.4923304
16.1627560,13.6171781,2.6058839,2.6058839,0.1253862,8.4925416
15.9907460,13.7192852,2.6307316,2.6307316,0.1241700,8.4928398
15.8162502,13.8170883,2.6552954,2.6552954,0.1229425,8.4932089
15.6394040,13.9105765,2.6792360,2.6792360,0.1194324,8.4936279
15.4604079,13.9997859,2.7028416,2.7028416,0.1177350,8.4940717
15.2793991,14.0847253,2.7269383,2.7269383,0.1207719,8.4945142
15.0963905,14.1652813,2.7513317,2.7513317,0.1219536,8.4949293
14.9114666,14.2413516,2.7757804,2.7757804,0.1222950,8.4952939
14.7247419,14.3128771,2.8002977,2.8002977,0.1226112,8.4955906
14.5363184,14.3798041,2.8248540,2.8248540,0.1228156,8.4958105
14.3463090,14.4420842,2.8494311,2.8494311,0.1229190,8.4959539
14.1548261,14.4996762,2.8740020,2.8740020,0.1228921,8.4960291
13.9619860,14.5525464,2.8985346,2.8985346,0.1227023,8.4960511
13.7679066,14.6006704,2.9229856,2.9229856,0.1223027,8.4960409
13.5727084,14.6440351,2.9473017,2.9473017,0.1216283,8.4960245
13.3765130,14.6826411,2.9714070,2.9714070,0.1205896,8.4960284
13.1794435,14.7165071,2.9952049,2.9952049,0.1190639,8.4960710
12.9816233,14.7456742,3.0185628,3.0185628,0.1168853,8.4961537
12.7831750,14.7702132,3.0413065,3.0413065,0.1138349,8.4962612
12.5842190,14.7902329,3.0632055,3.0632055,0.1096408,8.4963727
12.3848711,14.8058913,3.0839757,3.0839757,0.1040101,8.4964730
12.1852398,14.8174062,3.1032905,3.1032905,0.0967294,8.4965552
11.9854217,14.8250634,3.1208376,3.1208376,0.0878419,8.4966183
11.7854987,14.8292134,3.1363913,3.1363913,0.0777979,8.4966646
11.5855341,14.8302535,-3.1333087,-3.1333087,0.0673869,8.4966976
11.3855732,14.8285970,-3.1218062,-3.1218062,0.0574280,8.4967210
11.1856444,14.8246406,-3.1120956,-3.1120956,0.0484648,8.4967373
10.9857639,14.8187430,-3.1039430,-3.1039430,0.0406833,8.4967478
10.7859387,14.8112161,-3.0971290,-3.0971290,0.0340098,8.4967536
10.5861700,14.8023278,-3.0914711,-3.0914711,0.0282484,8.4967558
10.3864554,14.7923094,-3.0868302,-3.0868302,0.0231766,8.4967554
10.1867901,14.7813643,-3.0831095,-3.0831095,0.0185902,8.4967530
9.9871673,14.7696764,-3.0802442,-3.0802442,0.0143172,8.4967492
9.7875792,14.7574166,-3.0782008,-3.0782008,0.0102166,8.4967442
9.5880169,14.7447490,-3.0769671,-3.0769671,0.0061724,8.4967384
9.3884703,14.7318352,-3.0765496,-3.0765496,0.0020893,8.4967321
9.1889292,14.7188381,-3.0769727,-3.0769727,-0.0021128,8.4967257
8.9893821,14.7059254,-3.0782737,-3.0782737,-0.0064980,8.4967199
8.7898181,14.6932723,-3.0804978,-3.0804978,-0.0111163,8.4967157
8.5902252,14.6810630,-3.0837004,-3.0837004,-0.0160175,8.4967150
8.3905926,14.6694929,-3.0878855,-3.0878855,-0.0209411,8.4967202
8.1909213,14.6587588,-3.0930568,-3.0930568,-0.0258418,8.4967354
7.9911930,14.6490572,-3.0994155,-3.0994155,-0.0316976,8.4967656
7.7913834,14.6406248,-3.1071494,-3.1071494,-0.0387282,8.4968158
7.5915077,14.6337377,-3.1161943,-3.1161943,-0.0451849,8.4968903
7.3915809,14.6286588,-3.1266108,-3.1266108,-0.0520724,8.4969899
7.1916133,14.6256627,-3.1384204,-3.1384204,-0.0590467,8.4971092
6.9916285,14.6250283,3.1315658,3.1315658,-0.0660440,8.4972336
6.7916824,14.6270332,3.1170116,3.1170116,-0.0728421,8.4973362
6.5917797,14.6319480,3.1011677,3.1011677,-0.0792908,8.4973910
6.3919725,14.6400296,3.0841277,3.0841277,-0.0852596,8.4973786
6.1923263,14.6515149,3.0660048,3.0660048,-0.0906574,8.4972858
5.9929168,14.6666166,3.0469258,3.0469258,-0.0954270,8.4970919
5.7938291,14.6855201,3.0270211,3.0270211,-0.0995456,8.4966508
5.5951561,14.7083825,3.0064342,3.0064342,-0.1029472,8.4947971
5.3969968,14.7353297,2.9852870,2.9852870,-0.1057366,8.4869656
5.1994546,14.7664606,2.9635968,2.9635968,-0.1084266,8.4680822
5.0026394,14.8018676,2.9412674,2.9412674,-0.1116110,8.4388967
4.8066706,14.8416588,2.9181984,2.9181984,-0.1153397,8.4057396
4.6116794,14.8859581,2.8943598,2.8943598,-0.1192342,8.3728626
4.4178074,14.9348907,2.8697677,2.8697677,-0.1230321,8.3420080
4.2252046,14.9885737,2.8444723,2.8444723,-0.1265897,8.3136997
4.0340270,15.0471092,2.8185339,2.8185339,-0.1298335,8.2879781
3.8444312,15.1105835,2.7920253,2.7920253,-0.1327013,8.2647480
3.6565382,15.1790777,2.7650347,2.7650347,-0.1350923,8.2438060
3.4705681,15.2526153,2.7376707,2.7376707,-0.1369622,8.2246307
3.2866886,15.3312098,2.7100534,2.7100534,-0.1382400,8.2066813
3.1050624,15.4148460,2.6823157,2.6823157,-0.1388620,8.1895193
2.9258434,15.5034785,2.6546006,2.6546006,-0.1387556,8.1728941
2.7491231,15.5970573,2.6270671,2.6270671,-0.1378144,8.1567041
2.5749847,15.6955004,2.5998946,2.5998946,-0.1359492,8.1409310
2.4035765,15.7986436,2.5732805,2.5732805,-0.1331336,8.1255984
2.2349805,15.9063073,2.5474159,2.5474159,-0.1293858,8.1107693
2.0692511,16.0182777,2.5224646,2.5224646,-0.1248339,8.0965298
1.9064096,16.1343175,2.4985311,2.4985311,-0.1197660,8.0829803
1.7464409,16.2541842,2.4756087,2.4756087,-0.1146822,8.0702232
1.5892959,16.3776590,2.4535387,2.4535387,-0.1102642,8.0583431
1.4349073,16.5045772,2.4319205,2.4319205,-0.1074423,8.0473764
1.2832644,16.6348322,2.4096480,2.4096480,-0.1102824,8.0373599
1.1346629,16.7683396,2.3860184,2.3860184,-0.1190523,8.0281065
0.9892120,16.9053635,2.3616292,2.3616292,-0.1217467,8.0194515
0.8470587,17.0459800,2.3357755,2.3357755,-0.1294159,8.0111931
0.7085485,17.1902654,2.3086175,2.3086175,-0.1359137,8.0030738
0.5739834,17.3382852,2.2805157,2.2805157,-0.1406300,7.9947914
0.4436285,17.4900299,2.2518147,2.2518147,-0.1436446,7.9860198
0.3176910,17.6454417,2.2228126,2.2228126,-0.1451842,7.9764570
0.1963260,17.8044232,2.1937583,2.1937583,-0.1454721,7.9659016
0.0796425,17.9668468,2.1648673,2.1648673,-0.1446817,7.9543619
-0.0322917,18.1325604,2.1363383,2.1363383,-0.1429084,7.9422194
-0.1394482,18.3013914,2.1083843,2.1083843,-0.1400740,7.9305194
-0.2418418,18.4731479,2.0813113,2.0813113,-0.1358964,7.9216247
-0.3395483,18.6476129,2.0557339,2.0557339,-0.1288811,7.9209712
-0.4327620,18.8245216,2.0333883,2.0333883,-0.1157573,7.9421786
-0.5220015,19.0034726,2.0189330,2.0189330,-0.0751642,8.0128347
-0.6086475,19.1837001,2.0159554,2.0159554,-0.0122741,8.1328699
-0.6947588,19.3641897,2.0220764,2.0220764,0.0325515,8.2437793
-0.7819750,19.5441524,2.0338663,2.0338663,0.0592986,8.3287421
-0.8713082,19.7230771,2.0500077,2.0500077,0.0807423,8.2505826
-0.9635193,19.9005396,2.0702422,2.0702422,0.1014843,8.1502680
-1.0593044,20.0761042,2.0939670,2.0939670,0.1192962,8.0962004
-1.1592295,20.2493508,2.1198163,2.1198163,0.1295606,8.0864864
-1.2636011,20.4199602,2.1467204,2.1467204,0.1345801,8.0851134
-1.3725248,20.5877007,2.1742802,2.1742802,0.1378560,8.0814107
-1.4860263,20.7523714,2.2022898,2.2022898,0.1401158,8.0755305
-1.6040865,20.9137871,2.2305356,2.2305356,0.1413509,8.0679783
-1.7266409,21.0717817,2.2587562,2.2587562,0.1413159,8.0592459
-1.8535737,21.2262177,2.2866152,2.2866152,0.1396249,8.0497721
-1.9847093,21.3770007,2.3137110,2.3137110,0.1358345,8.0399398
-2.1200461,21.5243544,2.3395692,2.3395692,0.1294743,8.0300888
-2.2591875,21.6682010,2.3636883,2.3636883,0.1207360,8.0204944
-2.4016673,21.8085612,2.3857504,2.3857504,0.1104640,8.0113094
-2.5470935,21.9456354,2.4058414,2.4058414,0.1003603,8.0026192
-2.6951835,22.0797055,2.4248199,2.4248199,0.0945315,7.9945206
-2.8458997,22.2110357,2.4447928,2.4447928,0.0943433,7.9871386
-2.9988953,22.3390674,2.4689175,2.4689175,0.1230783,7.9807000
-3.1550107,22.4634317,2.4951920,2.4951920,0.1313718,7.9752088
-3.3145816,22.5838344,2.5236141,2.5236141,0.1423292,7.9707063
-3.4775904,22.6997111,2.5538316,2.5538316,0.1512733,7.9671782
-3.6440677,22.8106379,2.5849234,2.5849234,0.1554831,7.9645809
-3.8139281,22.9163453,2.6162154,2.6162154,0.1563671,7.9628458
-3.9870258,23.0166942,2.6472384,2.6472384,0.1549656,7.9618922
-4.1631659,23.1116327,2.6776789,2.6776789,0.1520417,7.9616480
-4.3421206,23.2011696,2.7073309,2.7073309,0.1481276,7.9620772
-4.5236440,23.2853582,2.7360564,2.7360564,0.1435735,7.9632148
-4.7074841,23.3642871,2.7637671,2.7637671,0.1385973,7.9652139
-4.8933934,23.4380733,2.7903965,2.7903965,0.1333130,7.9684099
-5.0811548,23.5068662,2.8158857,2.8158857,0.1276331,7.9735518
-5.2706574,23.5708679,2.8401484,2.8401484,0.1214366,7.9821517
-5.4616934,23.6302647,2.8629944,2.8629944,0.1143046,7.9961727
-5.6540421,23.6852836,2.8841149,2.8841149,0.1057759,8.0188227
-5.8475192,23.7362305,2.9028480,2.9028480,0.0939066,8.0542779
-6.0418824,23.7835359,2.9180997,2.9180997,0.0762521,8.1063229
-6.2368004,23.8278388,2.9299162,2.9299162,0.0590579,8.1759929
-6.4321854,23.8698262,2.9392704,2.9392704,0.0467442,8.2603830
-6.6280384,23.9100013,2.9466250,2.9466250,0.0367370,8.3538863
-6.8241982,23.9487382,2.9523767,2.9523767,0.0286278,8.4449131
-7.0205707,23.9863449,2.9572226,2.9572226,0.0241158,8.4945509
-7.2171309,24.0230010,2.9616454,2.9616454,0.0220948,8.4966661
-7.4138513,24.0587874,2.9657264,2.9657264,0.0204459,8.4966670
-7.6107184,24.0937711,2.9693644,2.9693644,0.0182131,8.4966725
-7.8077128,24.1280386,2.9724885,2.9724885,0.0156364,8.4966787
-8.0048145,24.1616907,2.9750653,2.9750653,0.0128879,8.4966847
-8.2020034,24.1948350,2.9770921,2.9770921,0.0101360,8.4966904
-8.3992599,24.2275797,2.9785916,2.9785916,0.0074916,8.4966956
-8.5965660,24.2600287,2.9795989,2.9795989,0.0050306,8.4967005
-8.7939051,24.2922790,2.9801605,2.9801605,0.0027960,8.4967052
-8.9912631,24.3244186,2.9803273,2.9803273,0.0008233,8.4967097
-9.1886265,24.3565253,2.9801498,2.9801498,-0.0009056,8.4967140
-9.3859834,24.3886669,2.9797116,2.9797116,-0.0022182,8.4967178
-9.5833399,24.4208972,2.9791229,2.9791229,-0.0029304,8.4967206
-9.7806909,24.4532459,2.9783433,2.9783433,-0.0039024,8.4967220
-9.9780060,24.4857467,2.9773735,2.9773735,-0.0048704,8.4967224
-10.1752838,24.5184379,2.9763201,2.9763201,-0.0052762,8.4967223
-10.3725295,24.5513373,2.9752200,2.9752200,-0.0055084,8.4967221
-10.5697379,24.5844535,2.9740980,2.9740980,-0.0056126,8.4967220
-10.7669093,24.6177910,2.9729769,2.9729769,-0.0056109,8.4967219
-10.9640431,24.6513495,2.9718730,2.9718730,-0.0055243,8.4967218
-11.1611397,24.6851256,2.9707994,2.9707994,-0.0053707,8.4967218
-11.3582000,24.7191133,2.9697660,2.9697660,-0.0051662,8.4967217
-11.5552250,24.7533046,2.9687818,2.9687818,-0.0049245,8.4967217
-11.7522163,24.7876898,2.9678507,2.9678507,-0.0046577,8.4967217
-11.9491754,24.8222584,2.9669759,2.9669759,-0.0043758,8.4967217
-12.1461043,24.8569993,2.9661582,2.9661582,-0.0040872,8.4967217
-12.3430046,24.8919012,2.9653984,2.9653984,-0.0037988,8.4967216
-12.5398784,24.9269527,2.9646954,2.9646954,-0.0035160,8.4967216
-12.7367275,24.9621426,2.9640467,2.9640467,-0.0032433,8.4967216
-12.9335538,24.9974602,2.9634501,2.9634501,-0.0029837,8.4967216
-13.1303589,25.0328952,2.9629019,2.9629019,-0.0027397,8.4967216
-13.3271446,25.0684381,2.9623993,2.9623993,-0.0025129,8.4967216
-13.5239124,25.1040799,2.9619383,2.9619383,-0.0023040,8.4967216
-13.7206638,25.1398124,2.9615155,2.9615155,-0.0021136,8.4967215
-13.9174001,25.1756281,2.9611270,2.9611270,-0.0019416,8.4967215
-14.1141224,25.2115202,2.9607697,2.9607697,-0.0017875,8.4967215
-14.3108319,25.2474826,2.9604393,2.9604393,-0.0016507,8.4967215
-14.5075295,25.2835100,2.9601332,2.9601332,-0.0015302,8.4967215
-14.7042161,25.3195976,2.9598479,2.9598479,-0.0014250,8.4967215
-14.9008923,25.3557413,2.9595811,2.9595811,-0.0013340,8.4967215
-15.0975590,25.3919375,2.9593303,2.9593303,-0.0012560,8.4967215
-15.2942165,25.4281830,2.9590919,2.9590919,-0.0011897,8.4967215
-15.4908654,25.4644754,2.9588651,2.9588651,-0.0011340,8.4967215
-15.6875061,25.5008124,2.9586475,2.9586475,-0.0010878,8.4967215
-15.8841389,25.5371922,2.9584374,2.9584374,-0.0010498,8.4967215
-16.0807640,25.5736133,2.9582339,2.9582339,-0.0010192,8.4967215
-16.2773817,25.6100744,2.9580345,2.9580345,-0.0009949,8.4967214
-16.4739921,25.6465747,2.9578393,2.9578393,-0.0009760,8.4967214
-16.6705954,25.6831134,2.9576469,2.9576469,-0.0009619,8.4967214
-16.8671916,25.7196899,2.9574567,2.9574567,-0.0009517,8.4967214
-17.0637809,25.7563038,2.9572680,2.9572680,-0.0009449,8.4967214
-17.2603633,25.7929548,2.9570792,2.9570792,-0.0009408,8.4967215
-17.4569387,25.8296429,2.9568920,2.9568920,-0.0009392,8.4967215
-17.6535072,25.8663678,2.9567039,2.9567039,-0.0009394,8.4967215
-17.8500689,25.9031297,2.9565155,2.9565155,-0.0009412,8.4967215
-18.0466235,25.9399286,2.9563268,2.9563268,-0.0009442,8.4967215
-18.2431712,25.9767646,2.9561375,2.9561375,-0.0009483,8.4967215
-18.4397119,26.0136378,2.9559467,2.9559467,-0.0009531,8.4967215
-18.6362456,26.0505485,2.9557548,2.9557548,-0.0009584,8.4967215
-18.8327721,26.0874969,2.9555619,2.9555619,-0.0009642,8.4967215
-19.0292915,26.1244832,2.9553685,2.9553685,-0.0009702,8.4967216
-19.2258037,26.1615075,2.9551727,2.9551727,-0.0009762,8.4967216
-19.4223087,26.1985703,2.9549766,2.9549766,-0.0009822,8.4967216
-19.6188063,26.2356716,2.9547787,2.9547787,-0.0009881,8.4967216
-19.8152966,26.2728118,2.9545807,2.9545807,-0.0009936,8.4967217
-20.0117795,26.3099909,2.9543801,2.9543801,-0.0009987,8.4967217
-20.2082549,26.3472094,2.9541800,2.9541800,-0.0010033,8.4967217
-20.4047228,26.3844672,2.9539785,2.9539785,-0.0010072,8.4967218
-20.6011832,26.4217646,2.9537768,2.9537768,-0.0010102,8.4967218
-20.7976360,26.4591016,2.9535742,2.9535742,-0.0010121,8.4967219
-20.9940812,26.4964784,2.9533717,2.9533717,-0.0010129,8.4967219
-21.1905189,26.5338950,2.9531694,2.9531694,-0.0010121,8.4967220
-21.3869489,26.5713513,2.9529673,2.9529673,-0.0010097,8.4967221
-21.5833713,26.6088473,2.9527662,2.9527662,-0.0010052,8.4967221
-21.7797862,26.6463828,2.9525671,2.9525671,-0.0009986,8.4967222
-21.9761936,26.6839574,2.9523690,2.9523690,-0.0009895,8.4967223
-22.1725935,26.7215709,2.9521735,2.9521735,-0.0009776,8.4967224
-22.3689860,26.7592228,2.9519815,2.9519815,-0.0009627,8.4967225
-22.5653713,26.7969124,2.9517921,2.9517921,-0.0009446,8.4967226
-22.7617494,26.8346392,2.9516083,2.9516083,-0.0009232,8.4967227
-22.9581206,26.8724021,2.9514285,2.9514285,-0.0008982,8.4967228
-23.1544850,26.9102003,2.9512543,2.9512543,-0.0008696,8.4967229
-23.3508428,26.9480327,2.9510872,2.9510872,-0.0008374,8.4967231
-23.5471942,26.9858979,2.9509273,2.9509273,-0.0008017,8.4967232
-23.7435396,27.0237945,2.9507745,2.9507745,-0.0007628,8.4967233
-23.9398792,27.0617211,2.9506315,2.9506315,-0.0007200,8.4967235
-24.1362135,27.0996758,2.9505094,2.9505094,-0.0006407,8.4967236
-24.3325433,27.1376545,2.9504196,2.9504196,-0.0003816,8.4967235
-24.5288695,27.1756508,2.9503155,2.9503155,-0.0005473,8.4967232
-24.7251916,27.2136675,2.9502117,2.9502117,-0.0005292,8.4967227
-24.9215098,27.2517046,2.9501154,2.9501154,-0.0004764,8.4967220
-25.1178243,27.2897606,2.9500304,2.9500304,-0.0004276,8.4967214
-25.3141357,27.3278333,2.9499530,2.9499530,-0.0003846,8.4967207
-25.5104442,27.3659212,2.9498822,2.9498822,-0.0003514,8.4967200
-25.7067500,27.4040230,2.9498149,2.9498149,-0.0003320,8.4967192
-25.9030532,27.4421380,2.9497483,2.9497483,-0.0003310,8.4967184
-26.0993539,27.4802661,2.9496770,2.9496770,-0.0003536,8.4967176
-26.2956519,27.5184082,2.9495944,2.9495944,-0.0004056,8.4967167
-26.4919467,27.5565665,2.9494945,2.9494945,-0.0004932,8.4967158
-26.6882377,27.5947444,2.9493681,2.9493681,-0.0006233,8.4967149
-26.8845238,27.6329471,2.9492061,2.9492061,-0.0008031,8.4967139
-27.0808037,27.6711816,2.9489962,2.9489962,-0.0010402,8.4967130
-27.2770756,27.7094573,2.9487256,2.9487256,-0.0013425,8.4967120
-27.4733371,27.7477861,2.9483795,2.9483795,-0.0017181,8.4967110
-27.6695852,27.7861828,2.9479418,2.9479418,-0.0021748,8.4967099
-27.8658165,27.8246654,2.9473955,2.9473955,-0.0027203,8.4967089
-28.0620267,27.8632552,2.9467200,2.9467200,-0.0033615,8.4967080
-28.2582107,27.9019775,2.9458968,2.9458968,-0.0041046,8.4967070
-28.4543628,27.9408613,2.9449025,2.9449025,-0.0049543,8.4967062
-28.6504761,27.9799401,2.9437168,2.9437168,-0.0059134,8.4967055
-28.8465429,28.0192514,2.9423175,2.9423175,-0.0069826,8.4967049
-29.0425544,28.0588370,2.9406827,2.9406827,-0.0081595,8.4967045
-29.2385010,28.0987430,2.9387930,2.9387930,-0.0094383,8.4967044
-29.4343718,28.1390192,2.9366294,2.9366294,-0.0108090,8.4967046
-29.6301550,28.1797191,2.9341766,2.9341766,-0.0122566,8.4967052
-29.8258378,28.2208991,2.9314240,2.9314240,-0.0137606,8.4967062
-30.0214066,28.2626176,2.9283657,2.9283657,-0.0152939,8.4967075
-30.2168469,28.3049340,2.9250025,2.9250025,-0.0168224,8.4967093
-30.4121439,28.3479075,2.9213451,2.9213451,-0.0183043,8.4967113
-30.6072825,28.3915950,2.9174120,2.9174120,-0.0196884,8.4967135
-30.8022479,28.4360497,2.9132355,2.9132355,-0.0209181,8.4967155
-30.9970260,28.4813183,2.9088615,2.9088615,-0.0219141,8.4967170
-31.1916046,28.5274385,2.9043462,2.9043462,-0.0226388,8.4967174
-31.3859729,28.5744368,2.8997192,2.8997192,-0.0229927,8.4967167
-31.5801207,28.6223337,2.8949797,2.8949797,-0.0242046,8.4967147
-31.7740420,28.6711509,2.8905386,2.8905386,-0.0222485,8.4967118
-31.9677413,28.7208280,2.8865387,2.8865387,-0.0200592,8.4967070
-32.1612374,28.7712787,2.8830662,2.8830662,-0.0175353,8.4966990
-32.3545575,28.8224011,2.8803054,2.8803054,-0.0139724,8.4966877
-32.5477364,28.8740572,2.8784777,2.8784777,-0.0093152,8.4966744
-32.7408213,28.9260665,2.8778262,2.8778262,-0.0034282,8.4966630
-32.9338731,28.9782018,2.8786148,2.8786148,0.0037777,8.4966624
-33.1269669,29.0301851,2.8811135,2.8811135,0.0123528,8.4966908
-33.3201909,29.0816860,2.8855890,2.8855890,0.0222696,8.4967797
-33.5136442,29.1323218,2.8922790,2.8922790,0.0333815,8.4969672
-33.7074324,29.1816624,2.9013576,2.9013576,0.0453773,8.4972650
-33.9016607,29.2292417,2.9128998,2.9128998,0.0577510,8.4976102
-34.0964250,29.2745760,2.9268550,2.9268550,0.0698541,8.4978444
-34.2918025,29.3171879,2.9430356,2.9430356,0.0810043,8.4978241
-34.4878432,29.3566329,2.9611423,2.9611423,0.0906333,8.4974522
-34.6845655,29.3925219,2.9808141,2.9808141,0.0984534,8.4963994
-34.8819556,29.4245343,3.0016959,3.0016959,0.1044734,8.4932317
-35.0799713,29.4524182,3.0235019,3.0235019,0.1090766,8.4853516
-35.2785481,29.4759779,3.0460414,3.0460414,0.1127345,8.4729950
-35.4776057,29.4950562,3.0691590,3.0691590,0.1156251,8.4584330
-35.6770515,29.5095281,3.0927064,3.0927064,0.1177717,8.4422883
-35.8767829,29.5193000,3.1165598,3.1165598,0.1192932,8.4236561
-36.0766905,29.5243053,3.1406290,3.1406290,0.1203679,8.4013419
-36.2766602,29.5244980,-3.1183230,-3.1183230,0.1211811,8.3742078
-36.4765752,29.5198452,-3.0939355,-3.0939355,0.1219412,8.3415163
-36.6763162,29.5103189,-3.0693614,-3.0693614,0.1228633,8.3034951
-36.8757616,29.4958876,-3.0445401,-3.0445401,0.1241002,8.2615843
-37.0747860,29.4765109,-3.0194009,-3.0194009,0.1256901,8.2180526
-37.2732591,29.4521377,-2.9938894,-2.9938894,0.1275630,8.1754851
-37.4710447,29.4227098,-2.9679845,-2.9679845,0.1295514,8.1363394
-37.6680008,29.3881689,-2.9417113,-2.9417113,0.1314129,8.1022072
-37.8639808,29.3484660,-2.9151360,-2.9151360,0.1329378,8.0732689
-38.0588357,29.3035697,-2.8883404,-2.8883404,0.1340379,8.0487049
-38.2524170,29.2534691,-2.8614048,-2.8614048,0.1347303,8.0272985
-38.4445776,29.1981734,-2.8343935,-2.8343935,0.1351060,8.0078982
-38.6351737,29.1377083,-2.8073449,-2.8073449,0.1352738,7.9897963
-38.8240619,29.0721116,-2.7803002,-2.7803002,0.1352994,7.9726547
-39.0111159,29.0014278,-2.7532431,-2.7532431,0.1351076,7.9563191
-39.1962152,28.9256987,-2.7258942,-2.7258942,0.1366418,7.9407149
-39.3791837,28.8449322,-2.6980987,-2.6980987,0.1390138,7.9257926
-39.5598380,28.7591113,-2.6698910,-2.6698910,0.1410295,7.9115222
-39.7380054,28.6682266,-2.6412948,-2.6412948,0.1429764,7.8978980
-39.9135080,28.5722812,-2.6123576,-2.6123576,0.1446734,7.8849324
-40.0861682,28.4712940,-2.5831460,-2.5831460,0.1460380,7.8726524
-40.2558090,28.3653045,-2.5537606,-2.5537606,0.1469084,7.8610929
-40.4222574,28.2543799,-2.5243431,-2.5243431,0.1470937,7.8502879
-40.5853490,28.1386232,-2.4950839,-2.4950839,0.1463582,7.8402563
-40.7449369,28.0181806,-2.4662353,-2.4662353,0.1444120,7.8309911
-40.9009071,27.8932467,-2.4381005,-2.4381005,0.1409430,7.8224789
-41.0532018,27.7640588,-2.4109574,-2.4109574,0.1358123,7.8147377
-41.2022437,27.6305080,-2.3850427,-2.3850427,0.1295680,7.8079240
-41.3476806,27.4932292,-2.3604218,-2.3604218,0.1232154,7.8020365
-41.4895728,27.3525316,-2.3367889,-2.3367889,0.1177325,7.7971390
-41.6281150,27.2085053,-2.3133086,-2.3133086,0.1187271,7.7933083
-41.7631553,27.0613556,-2.2884039,-2.2884039,0.1201343,7.7907361
-41.8941931,26.9112282,-2.2584194,-2.2584194,0.1527638,7.7893757
-42.0209320,26.7569222,-2.2272122,-2.2272122,0.1559414,7.7891449
-42.1430570,26.5983961,-2.1955504,-2.1955504,0.1583190,7.7899357
-42.2601135,26.4360680,-2.1632930,-2.1632930,0.1612727,7.7915705
-42.3718723,26.2700512,-2.1311679,-2.1311679,0.1604464,7.7938187
-42.4782450,26.1005241,-2.0996558,-2.0996558,0.1572807,7.7964241
-42.5792331,25.9277135,-2.0690443,-2.0690443,0.1527341,7.7991500
-42.6748893,25.7518845,-2.0395042,-2.0395042,0.1474025,7.8018356
-42.7653034,25.5733210,-2.0111246,-2.0111246,0.1416794,7.8044681
-42.8505957,25.3923031,-1.9839435,-1.9839435,0.1357934,7.8072848
-42.9309123,25.2090900,-1.9579692,-1.9579692,0.1298639,7.8109406
-43.0064205,25.0239092,-1.9332147,-1.9332147,0.1238591,7.8168123
-43.0773069,24.8369559,-1.9097750,-1.9097750,0.1174194,7.8275837
-43.1437891,24.6484011,-1.8880200,-1.8880200,0.1093706,7.8483346
-43.2061610,24.4584230,-1.8689632,-1.8689632,0.0964791,7.8878790
-43.2649149,24.2672470,-1.8542764,-1.8542764,0.0740054,7.9567080
-43.3208644,24.0751958,-1.8454554,-1.8454554,0.0450867,8.0569567
-43.3750776,23.8828007,-1.8430550,-1.8430550,0.0104584,8.1795209
-43.4287788,23.6904552,-1.8441173,-1.8441173,-0.0063418,8.3075717
-43.4827203,23.4980384,-1.8472812,-1.8472812,-0.0152740,8.4210111
-43.5372940,23.3057098,-1.8539295,-1.8539295,-0.0333033,8.4871737
-43.5931550,23.1137144,-1.8641376,-1.8641376,-0.0512389,8.4968285
-43.6509883,22.9222484,-1.8772954,-1.8772954,-0.0660383,8.4962482
-43.7113421,22.7315400,-1.8924544,-1.8924544,-0.0760363,8.4957907
-43.7745827,22.5417597,-1.9086144,-1.9086144,-0.0810629,8.4956265
-43.8408807,22.3530291,-1.9247542,-1.9247542,-0.0810342,8.4957673
-43.9102123,22.1654031,-1.9397542,-1.9397542,-0.0754300,8.4960647
-43.9823443,21.9788539,-1.9523835,-1.9523835,-0.0636087,8.4963730
-44.0568185,21.7932504,-1.9615017,-1.9615017,-0.0458628,8.4966532
-44.1329720,21.6083578,-1.9664162,-1.9664162,-0.0244865,8.4968961
-44.2100208,21.4238715,-1.9671279,-1.9671279,-0.0030633,8.4970586
-44.2872009,21.2394400,-1.9641936,-1.9641936,0.0153998,8.4970874
-44.3638920,21.0546563,-1.9584500,-1.9584500,0.0292474,8.4969160
-44.4395088,20.8694639,-1.9507435,-1.9507435,0.0388365,8.4966513
-44.5136766,20.6837433,-1.9416801,-1.9416801,0.0452475,8.4964585
-44.5861150,20.4974690,-1.9304023,-1.9304023,0.0565834,8.4963189
-44.6563922,20.3105382,-1.9173230,-1.9173230,0.0658098,8.4962527
-44.7242768,20.1225429,-1.9037202,-1.9037202,0.0676849,8.4962591
-44.7896522,19.9334847,-1.8889804,-1.8889804,0.0740051,8.4963121
-44.8522445,19.7434513,-1.8733574,-1.8733574,0.0784730,8.4963839
-44.9118422,19.5525215,-1.8574606,-1.8574606,0.0798992,8.4964582
-44.9683644,19.3607802,-1.8418091,-1.8418091,0.0785982,8.4965269
-45.0218890,19.1681409,-1.8268283,-1.8268283,0.0751470,8.4965868
-45.0725287,18.9746951,-1.8128409,-1.8128409,0.0700970,8.4966370
-45.1204622,18.7805418,-1.8000562,-1.8000562,0.0640197,8.4966781
-45.1659122,18.5857807,-1.7885721,-1.7885721,0.0574576,8.4967112
-45.2091237,18.3905055,-1.7783974,-1.7783974,0.0508660,8.4967374
-45.2503460,18.1948014,-1.7694728,-1.7694728,0.0445835,8.4967574
-45.2898188,17.9987436,-1.7616918,-1.7616918,0.0388346,8.4967717
-45.3277612,17.8024037,-1.7549199,-1.7549199,0.0337680,8.4967808
-45.3643726,17.6058143,-1.7490054,-1.7490054,0.0294536,8.4967854
-45.3998237,17.4089948,-1.7438163,-1.7438163,0.0260722,8.4967863
-45.4342557,17.2119786,-1.7393720,-1.7393720,0.0218825,8.4967846
-45.4678104,17.0148194,-1.7352187,-1.7352187,0.0203443,8.4967819
-45.5005422,16.8175451,-1.7306619,-1.7306619,0.0229543,8.4967801
-45.5323747,16.6201239,-1.7256935,-1.7256935,0.0247354,8.4967802
-45.5632260,16.4225466,-1.7202371,-1.7202371,0.0272523,8.4967828
-45.5929983,16.2248071,-1.7141399,-1.7141399,0.0304423,8.4967884
-45.6215643,16.0268904,-1.7072867,-1.7072867,0.0342435,8.4967979
-45.6487730,15.8287846,-1.6995750,-1.6995750,0.0385433,8.4968115
-45.6744530,15.6304763,-1.6909358,-1.6909358,0.0431926,8.4968286
-45.6984186,15.4319555,-1.6813353,-1.6813353,0.0480176,8.4968471
-45.7204770,15.2332158,-1.6707777,-1.6707777,0.0528164,8.4968627
-45.7404358,15.0342563,-1.6593128,-1.6593128,0.0573674,8.4968687
-45.7581121,14.8350832,-1.6470377,-1.6470377,0.0614421,8.4968556
-45.7733421,14.6357100,-1.6340917,-1.6340917,0.0648038,8.4968115
-45.7859897,14.4361581,-1.6206576,-1.6206576,0.0672747,8.4967210
-45.7959554,14.2364553,-1.6069589,-1.6069589,0.0685591,8.4965562
-45.8031845,14.0366368,-1.5932127,-1.5932127,0.0689770,8.4961167
-45.8076663,13.8367360,-1.5798095,-1.5798095,0.0667122,8.4871921
-45.8094684,13.6368012,-1.5662723,-1.5662723,0.0672649,8.3846474
-45.8085638,13.4368468,-1.5515443,-1.5515443,0.0740267,8.2491707
-45.8047151,13.2369603,-1.5358979,-1.5358979,0.0780728,8.1173895
-45.7977423,13.0372390,-1.5192559,-1.5192559,0.0830365,7.9902669
-45.7874441,12.8376077,-1.5007860,-1.5007860,0.0925285,7.8675243
-45.7734538,12.6381023,-1.4804317,-1.4804317,0.1017575,7.7488008
-45.7554046,12.4389089,-1.4583857,-1.4583857,0.1101939,7.6338919
-45.7329682,12.2401571,-1.4345693,-1.4345693,0.1190159,7.5228764
-45.7058031,12.0419816,-1.4088851,-1.4088851,0.1283501,7.4159800
-45.6735570,11.8445659,-1.3812872,-1.3812872,0.1379040,7.3134347
-45.6358761,11.6481177,-1.3517655,-1.3517655,0.1475479,7.2154011
-45.5924159,11.4528805,-1.3203659,-1.3203659,0.1569962,7.1219069
-45.5428537,11.2591271,-1.2871940,-1.2871940,0.1659774,7.0328051
-45.4869019,11.0671554,-1.2524200,-1.2524200,0.1741612,6.9477342
-45.4243211,10.8772798,-1.2162800,-1.2162800,0.1812108,6.8660459
-45.3549181,10.6897827,-1.1791078,-1.1791078,0.1864623,6.7865065
-45.2785597,10.5049090,-1.1412995,-1.1412995,0.1893457,6.7036288
-45.1952729,10.3230649,-1.1031341,-1.1031341,0.1909849,6.6144188
-45.1051229,10.1445601,-1.0647645,-1.0647645,0.1919917,6.5185381
-45.0082162,9.9696889,-1.0261825,-1.0261825,0.1924520,6.4160133
-44.9046687,9.7987391,-0.9868696,-0.9868696,0.1965732,6.3069194
-44.7944098,9.6318812,-0.9470464,-0.9470464,0.1996778,6.1909886
-44.6775764,9.4695191,-0.9070713,-0.9070713,0.1984352,6.0684262
-44.5543514,9.3119607,-0.8657281,-0.8657281,0.2069809,5.9389551
-44.4247429,9.1596574,-0.8230707,-0.8230707,0.2132208,5.8018148
-44.2887761,9.0130399,-0.7790269,-0.7790269,0.2202930,5.6562099
-44.1465163,8.8725814,-0.7335899,-0.7335899,0.2268103,5.5014054
-43.9980598,8.7387622,-0.6856722,-0.6856722,0.2389447,5.3408067
-43.8433998,8.6122370,-0.6337751,-0.6337751,0.2600792,5.2040683
-43.6822035,8.4937718,-0.5780307,-0.5780307,0.2789299,5.1010824
-43.5147266,8.3845170,-0.5190655,-0.5190655,0.2950873,5.0225780
-43.3411615,8.2853555,-0.4573624,-0.4573624,0.3087847,4.9634293
-43.1618339,8.1970962,-0.3932242,-0.3932242,0.3209154,4.9203128
-42.9771903,8.1205007,-0.3268686,-0.3268686,0.3315693,4.8911545
-42.7879727,8.0563503,-0.2584607,-0.2584607,0.3423419,4.8744562
-42.5948909,8.0053045,-0.1871809,-0.1871809,0.3582967,4.8666274
-42.3986845,7.9681434,-0.1146022,-0.1146022,0.3642409,4.8653916
-42.1999399,7.9452666,-0.0430759,-0.0430759,0.3570217,4.8682714
-41.9999728,7.9366475,0.0278575,0.0278575,0.3546568,4.8729913
-41.7999674,7.9422206,0.0982651,0.0982651,0.3523129,4.8778892
-41.6009151,7.9618437,0.1682558,0.1682558,0.3504527,4.8819087
-41.4038219,7.9953223,0.2381151,0.2381151,0.3496616,4.8842787
-41.2095098,8.0424857,0.3082301,0.3082301,0.3507339,4.8844909
-41.0189493,8.1031558,0.3790141,0.3790141,0.3539147,4.8819772
-40.8331256,8.1771638,0.4508982,0.4508982,0.3592510,4.8760710
-40.6530599,8.2643450,0.5242752,0.5242752,0.3665198,4.8659515
-40.4798290,8.3645162,0.5993874,0.5993874,0.3750392,4.8506032
-40.3145788,8.4774214,0.6763147,0.6763147,0.3839160,4.8289747
-40.1585279,8.6026654,0.7548387,0.7548387,0.3925760,4.8058847
-40.0129860,8.7395731,0.8328811,0.8328811,0.3930091,4.7943074
-39.8789713,8.8869596,0.9063593,0.9063593,0.3690756,4.8016495
-39.7552709,9.0448940,0.9703864,0.9703864,0.3251507,4.8337554
-39.6427015,9.2092916,1.0220851,1.0220851,0.2524614,4.8824066
-39.5386866,9.3794359,1.0707096,1.0707096,0.2417541,4.9407408
-39.4428703,9.5547903,1.1233020,1.1233020,0.2628576,5.0008743
-39.3562189,9.7353259,1.1809041,1.1809041,0.2886339,5.0589069
-39.2804358,9.9197449,1.2421685,1.2421685,0.3073544,5.1128966
-39.2159214,10.1089409,1.3054833,1.3054833,0.3167519,5.1628689
-39.1634553,10.3020307,1.3692465,1.3692465,0.3188457,5.2088928
-39.1233946,10.4980952,1.4318201,1.4318201,0.3130839,5.2523805
-39.0956779,10.6962444,1.4913831,1.4913831,0.2982627,5.2982889
-39.0798091,10.8956499,1.5460677,1.5460677,0.2739674,5.3538669
-39.0748637,11.0955959,1.5941651,1.5941651,0.2406966,5.4255662
-39.0795369,11.2955357,1.6347204,1.6347204,0.2025578,5.5159488
-39.0923127,11.4951224,1.6678105,1.6678105,0.1650938,5.6235038
-39.1116855,11.6941860,1.6941128,1.6941128,0.1311899,5.7451969
-39.1362883,11.8926831,1.7144062,1.7144062,0.1012042,5.8782296
-39.1649157,12.0906522,1.7294161,1.7294161,0.0749011,6.0203208
-39.1965128,12.2881790,1.7396544,1.7396544,0.0509248,6.1695034
-39.2301263,12.4853471,1.7460782,1.7460782,0.0319254,6.3239377
-39.2650004,12.6822654,1.7497681,1.7497681,0.0183372,6.4817488
-39.3006009,12.8790539,1.7513842,1.7513842,0.0079701,6.6410524
-39.3365197,13.0757863,1.7515412,1.7515412,0.0006743,6.8001803
-39.3724691,13.2725115,1.7506539,1.7506539,-0.0044165,6.9569420
-39.4082436,13.4692667,1.7485599,1.7485599,-0.0103397,7.1088443
-39.4436056,13.6660941,1.7448312,1.7448312,-0.0185377,7.2544566
-39.4782332,13.8630506,1.7391164,1.7391164,-0.0284875,7.3924051
-39.5117346,14.0602013,1.7311915,1.7311915,-0.0395854,7.5213237
-39.5436726,14.2576115,1.7209913,1.7209913,-0.0510028,7.6400870
-39.5735954,14.4553375,1.7085658,1.7085658,-0.0621474,7.7479453
-39.6010591,14.6534200,1.6940367,1.6940367,-0.0726805,7.8444752
-39.6256419,14.8518794,1.6775787,1.6775787,-0.0823392,7.9295348
-39.6469550,15.0507140,1.6594212,1.6594212,-0.0908499,8.0033159
-39.6646538,15.2498956,1.6398305,1.6398305,-0.0980362,8.0663672
-39.6784470,15.4493806,1.6190923,1.6190923,-0.1036915,8.1195485
-39.6880998,15.6490928,1.5972211,1.5972211,-0.1094821,8.1639335
-39.6933813,15.8489159,1.5744627,1.5744627,-0.1141606,8.2006730
-39.6941142,16.0488139,1.5515098,1.5515098,-0.1146343,8.2308651
-39.6902582,16.2487216,1.5282821,1.5282821,-0.1162400,8.2555383
-39.6817600,16.4484920,1.5047077,1.5047077,-0.1179062,8.2756182
-39.6685548,16.6480115,1.4808664,1.4808664,-0.1192647,8.2918817
-39.6505965,16.8471651,1.4568109,1.4568109,-0.1203117,8.3048455
-39.6278536,17.0458249,1.4325801,1.4325801,-0.1211886,8.3151646
-39.6003046,17.2438722,1.4082031,1.4082031,-0.1219189,8.3233335
-39.5679366,17.4411883,1.3837005,1.3837005,-0.1225467,8.3297014
-39.5307439,17.6376529,1.3590878,1.3590878,-0.1230931,8.3345566
-39.4887270,17.8331447,1.3343785,1.3343785,-0.1235750,8.3381390
-39.4418923,18.0275414,1.3095825,1.3095825,-0.1240030,8.3406505
-39.3902514,18.2207203,1.2847108,1.2847108,-0.1243840,8.3422637
-39.3338213,18.4125585,1.2597703,1.2597703,-0.1247223,8.3431289
-39.2726237,18.6029329,1.2347699,1.2347699,-0.1250201,8.3433802
-39.2066853,18.7917208,1.2097177,1.2097177,-0.1252787,8.3431404
-39.1360376,18.9788002,1.1846216,1.1846216,-0.1254983,8.3425247
-39.0607169,19.1640498,1.1594891,1.1594891,-0.1256789,8.3416439
-38.9807641,19.3473495,1.1343307,1.1343307,-0.1258210,8.3406061
-38.8962332,19.5285635,1.1091523,1.1091523,-0.1259229,8.3395183
-38.8071706,19.7075845,1.0839611,1.0839611,-0.1259888,8.3384862
-38.7136260,19.8843072,1.0587623,1.0587623,-0.1260237,8.3375977
-38.6156575,20.0586184,1.0335628,1.0335628,-0.1260287,8.3369227
-38.5133271,20.2304073,1.0083722,1.0083722,-0.1259828,8.3365159
-38.4067014,20.3995654,0.9832029,0.9832029,-0.1258723,8.3364369
-38.2958516,20.5659876,0.9580629,0.9580629,-0.1257206,8.3367553
-38.1808528,20.7295716,0.9329590,0.9329590,-0.1255398,8.3375380
-38.0617836,20.8902181,0.9078986,0.9078986,-0.1253245,8.3388473
-37.9387259,21.0478311,0.8828881,0.8828881,-0.1250713,8.3407363
-37.8117648,21.2023178,0.8579361,0.8579361,-0.1247790,8.3432467
-37.6809887,21.3535890,0.8330499,0.8330499,-0.1244496,8.3464064
-37.5464886,21.5015595,0.8082364,0.8082364,-0.1240864,8.3502297
-37.4083585,21.6461475,0.7835003,0.7835003,-0.1236963,8.3547170
-37.2666944,21.7872749,0.7588476,0.7588476,-0.1232815,8.3598551
-37.1215947,21.9248672,0.7342764,0.7342764,-0.1228705,8.3656174
-36.9731574,22.0588539,0.7097895,0.7097895,-0.1224475,8.3719642
-36.8214774,22.1891717,0.6854055,0.6854055,-0.1219186,8.3788428
-36.6666597,22.3157570,0.6611205,0.6611205,-0.1214113,8.3861898
-36.5088146,22.4385450,0.6369180,0.6369180,-0.1210088,8.3939316
-36.3480446,22.5574769,0.6127851,0.6127851,-0.1206587,8.4019838
-36.1844521,22.6724943,0.5887108,0.5887108,-0.1203662,8.4102516
-36.0181390,22.7835399,0.5646846,0.5646846,-0.1201300,8.4186321
-35.8492069,22.8905575,0.5406947,0.5406947,-0.1199467,8.4270168
-35.6777572,22.9934915,0.5167334,0.5167334,-0.1198087,8.4352943
-35.5038912,23.0922878,0.4927933,0.4927933,-0.1197048,8.4433544
-35.3277110,23.1868933,0.4688700,0.4688700,-0.1196198,8.4510919
-35.1493190,23.2772569,0.4449649,0.4449649,-0.1195346,8.4584101
-34.9688189,23.3633302,0.4210816,0.4210816,-0.1194273,8.4652240
-34.7863159,23.4450679,0.3972298,0.3972298,-0.1192738,8.4714620
-34.6019167,23.5224292,0.3734241,0.3734241,-0.1190477,8.4770660
-34.4157302,23.5953785,0.3496827,0.3496827,-0.1187291,8.4819892
-34.2278664,23.6638866,0.3260312,0.3260312,-0.1182813,8.4861923
-34.0384388,23.7279314,0.3024898,0.3024898,-0.1177421,8.4896394
-33.8475586,23.7874987,0.2791001,0.2791001,-0.1169406,8.4923023
-33.6553423,23.8425841,0.2556517,0.2556517,-0.1172334,8.4941845
-33.4619122,23.8931411,0.2320045,0.2320045,-0.1184457,8.4953627
-33.2673535,23.9391073,0.2085985,0.2085985,-0.1170487,8.4959970
-33.0717528,23.9805116,0.1853537,0.1853537,-0.1162177,8.4962738
-32.8752300,24.0173608,0.1619691,0.1619691,-0.1169638,8.4963382
-32.6778928,24.0496058,0.1384378,0.1384378,-0.1176897,8.4962819
-32.4798443,24.0771997,0.1147820,0.1147820,-0.1183202,8.4961652
-32.2811936,24.1001019,0.0910545,0.0910545,-0.1186819,8.4960378
-32.0820522,24.1182849,0.0673379,0.0673379,-0.1186369,8.4959473
-31.8825336,24.1317404,0.0437464,0.0437464,-0.1180277,8.4959307
-31.6827521,24.1404857,0.0204297,0.0204297,-0.1166711,8.4959974
-31.4828209,24.1445708,-0.0024143,-0.0024143,-0.1143383,8.4961216
-31.2828487,24.1440880,-0.0245333,-0.0245333,-0.1107426,8.4962613
-31.0829365,24.1391825,-0.0456092,-0.0456092,-0.1055505,8.4963867
-30.8831725,24.1300651,-0.0652686,-0.0652686,-0.0984746,8.4964861
-30.6836267,24.1170225,-0.0831340,-0.0831340,-0.0894523,8.4965592
-30.4843458,24.1004172,-0.0989059,-0.0989059,-0.0789757,8.4966105
-30.2853499,24.0806709,-0.1123454,-0.1123454,-0.0672570,8.4966458
-30.0866465,24.0582531,-0.1234051,-0.1234051,-0.0548097,8.4966713
-29.8882096,24.0336399,-0.1327554,-0.1327554,-0.0468519,8.4966906
-29.6900021,24.0071711,-0.1406067,-0.1406067,-0.0391470,8.4967047
-29.4920053,23.9791465,-0.1470882,-0.1470882,-0.0323183,8.4967142
-29.2941951,23.9498393,-0.1524248,-0.1524248,-0.0266066,8.4967202
-29.0965436,23.9194768,-0.1568048,-0.1568048,-0.0218439,8.4967237
-28.8990271,23.8882489,-0.1603816,-0.1603816,-0.0178374,8.4967256
-28.7016234,23.8563147,-0.1632764,-0.1632764,-0.0144391,8.4967266
-28.5043130,23.8238092,-0.1655909,-0.1655909,-0.0115393,8.4967269
-28.3070783,23.7908471,-0.1674067,-0.1674067,-0.0090571,8.4967269
-28.1099037,23.7575269,-0.1687980,-0.1687980,-0.0069322,8.4967267
-27.9127756,23.7239324,-0.1698253,-0.1698253,-0.0051180,8.4967264
-27.7156821,23.6901354,-0.1705433,-0.1705433,-0.0035769,8.4967260
-27.5186129,23.6561969,-0.1710019,-0.1710019,-0.0022774,8.4967256
-27.3215591,23.6221680,-0.1712424,-0.1712424,-0.0011918,8.4967253
-27.1245135,23.5880917,-0.1713032,-0.1713032,-0.0002954,8.4967249
-26.9274698,23.5540034,-0.1712184,-0.1712184,0.0004342,8.4967247
-26.7304232,23.5199318,-0.1710158,-0.1710158,0.0010179,8.4967245
-26.5333696,23.4859001,-0.1707219,-0.1707219,0.0014748,8.4967243
-26.3363059,23.4519263,-0.1703589,-0.1703589,0.0018226,8.4967242
-26.1392297,23.4180240,-0.1699434,-0.1699434,0.0020776,8.4967242
-25.9421395,23.3842036,-0.1694937,-0.1694937,0.0022546,8.4967242
-25.7450339,23.3504718,-0.1690204,-0.1690204,0.0023673,8.4967242
-25.5479124,23.3168333,-0.1685354,-0.1685354,0.0024278,8.4967243
-25.3507745,23.2832904,-0.1680464,-0.1680464,0.0024471,8.4967243
-25.1536202,23.2498439,-0.1675594,-0.1675594,0.0024350,8.4967244
-24.9564495,23.2164934,-0.1670802,-0.1670802,0.0023999,8.4967245
-24.7592629,23.1832374,-0.1666101,-0.1666101,0.0023495,8.4967245
-24.5620607,23.1500741,-0.1661516,-0.1661516,0.0022902,8.4967246
-24.3648432,23.1170012,-0.1657070,-0.1657070,0.0022276,8.4967247
-24.1676111,23.0840160,-0.1652731,-0.1652731,0.0021664,8.4967248
-23.9703648,23.0511164,-0.1648512,-0.1648512,0.0021107,8.4967248
-23.7731046,23.0183000,-0.1644381,-0.1644381,0.0020637,8.4967248
-23.5758309,22.9855651,-0.1640326,-0.1640326,0.0020282,8.4967249
-23.3785439,22.9529102,-0.1636317,-0.1636317,0.0020062,8.4967249
-23.1812439,22.9203344,-0.1632310,-0.1632310,0.0019998,8.4967249
-22.9839311,22.8878377,-0.1628315,-0.1628315,0.0020011,8.4967248
-22.7866045,22.8554197,-0.1624389,-0.1624389,0.0019648,8.4967247
-22.5892654,22.8230792,-0.1620430,-0.1620430,0.0019691,8.4967245
-22.3919164,22.7908173,-0.1616254,-0.1616254,0.0020911,8.4967240
-22.1945551,22.7586380,-0.1611975,-0.1611975,0.0021433,8.4967234
-21.9971797,22.7265431,-0.1607572,-0.1607572,0.0021990,8.4967227
-21.7997901,22.6945351,-0.1603039,-0.1603039,0.0022665,8.4967220
-21.6023861,22.6626166,-0.1598352,-0.1598352,0.0023450,8.4967212
-21.4049670,22.6307906,-0.1593485,-0.1593485,0.0024333,8.4967203
-21.2075325,22.5990607,-0.1588425,-0.1588425,0.0025293,8.4967193
-21.0100820,22.5674307,-0.1583163,-0.1583163,0.0026306,8.4967183
-20.8126148,22.5359046,-0.1577694,-0.1577694,0.0027342,8.4967172
-20.6151304,22.5044865,-0.1572028,-0.1572028,0.0028365,8.4967161
-20.4176283,22.4731803,-0.1566160,-0.1566160,0.0029330,8.4967149
-20.2201079,22.4419900,-0.1560126,-0.1560126,0.0030186,8.4967136
-20.0225687,22.4109189,-0.1553951,-0.1553951,0.0030876,8.4967123
-19.8250105,22.3799698,-0.1547695,-0.1547695,0.0031332,8.4967109
-19.6274330,22.3491443,-0.1541399,-0.1541399,0.0031479,8.4967095
-19.4298361,22.3184432,-0.1535161,-0.1535161,0.0031236,8.4967079
-19.2322203,22.2878654,-0.1529064,-0.1529064,0.0030512,8.4967064
-19.0345859,22.2574081,-0.1523226,-0.1523226,0.0029208,8.4967047
-18.8369339,22.2270662,-0.1517793,-0.1517793,0.0027224,8.4967031
-18.6392655,22.1968317,-0.1512912,-0.1512912,0.0024451,8.4967013
-18.4415825,22.1666937,-0.1508765,-0.1508765,0.0020781,8.4966995
-18.2438871,22.1366377,-0.1505554,-0.1505554,0.0016106,8.4966977
-18.0461822,22.1066452,-0.1503502,-0.1503502,0.0010322,8.4966959
-17.8484713,22.0766933,-0.1502845,-0.1502845,0.0003335,8.4966942
-17.6507585,22.0467544,-0.1503844,-0.1503844,-0.0004937,8.4966925
-17.4530490,22.0167958,-0.1506763,-0.1506763,-0.0014554,8.4966909
-17.2553484,21.9867795,-0.1511890,-0.1511890,-0.0025551,8.4966896
-17.0576635,21.9566619,-0.1519479,-0.1519479,-0.0037926,8.4966886
-16.8600017,21.9263943,-0.1529818,-0.1529818,-0.0051639,8.4966880
-16.6623716,21.8959224,-0.1543139,-0.1543139,-0.0066592,8.4966879
-16.4647825,21.8651873,-0.1559676,-0.1559676,-0.0082648,8.4966883
-16.2672452,21.8341256,-0.1579583,-0.1579583,-0.0099546,8.4966891
-16.0697693,21.8026706,-0.1603016,-0.1603016,-0.0117197,8.4966902
-15.8723718,21.7707536,-0.1629941,-0.1629941,-0.0134652,8.4966909
-15.6750510,21.7383036,-0.1660438,-0.1660438,-0.0152897,8.4966907
-15.4778547,21.7052561,-0.1691865,-0.1691865,-0.0157619,8.4966890
-15.2808127,21.6715975,-0.1725284,-0.1725284,-0.0165615,8.4966842
-15.0838373,21.6372724,-0.1765998,-0.1765998,-0.0203788,8.4966730
-14.8869500,21.6021361,-0.1813133,-0.1813133,-0.0236167,8.4965701
-14.6902350,21.5660730,-0.1864993,-0.1864993,-0.0259307,8.4891656
-14.4937101,21.5289903,-0.1924085,-0.1924085,-0.0293092,8.4119988
-14.2974095,21.4907473,-0.1998790,-0.1998790,-0.0370810,8.2209995
-14.1014030,21.4510395,-0.2095468,-0.2095468,-0.0483061,8.0325745
-13.9057922,21.4094392,-0.2215771,-0.2215771,-0.0600804,7.8495578
-13.7106995,21.3654895,-0.2361262,-0.2361262,-0.0726842,7.6730912
-13.5162709,21.3187071,-0.2533317,-0.2533317,-0.0859649,7.5040659
-13.3226804,21.2685877,-0.2733127,-0.2733127,-0.0998644,7.3432773
-13.1301344,21.2146117,-0.2961452,-0.2961452,-0.1141787,7.1913905
-12.9388744,21.1562549,-0.3218499,-0.3218499,-0.1286036,7.0491932
-12.7491764,21.0930013,-0.3503753,-0.3503753,-0.1427526,6.9167173
-12.5613590,21.0243627,-0.3815974,-0.3815974,-0.1562575,6.7936245
-12.3757762,20.9498946,-0.4153239,-0.4153239,-0.1687841,6.6794718
-12.1928112,20.8692115,-0.4513075,-0.4513075,-0.1800618,6.5735777
-12.0128691,20.7819992,-0.4892603,-0.4892603,-0.1898946,6.4750649
-11.8363683,20.6880234,-0.5288675,-0.5288675,-0.1981467,6.3828695
-11.6637308,20.5871346,-0.5698127,-0.5698127,-0.2048074,6.2956439
-11.4953700,20.4792651,-0.6118462,-0.6118462,-0.2102483,6.2099233
-11.3316557,20.3643916,-0.6547449,-0.6547449,-0.2142664,6.1202080
-11.1729895,20.2425806,-0.6987160,-0.6987160,-0.2196030,6.0235933
-11.0198322,20.1139138,-0.7441072,-0.7441072,-0.2267098,5.9195117
-10.8726700,19.9784290,-0.7911160,-0.7911160,-0.2347892,5.8074676
-10.7320365,19.8361780,-0.8398579,-0.8398579,-0.2434271,5.6867909
-10.5984996,19.6872425,-0.8905034,-0.8905034,-0.2528180,5.5568311
-10.4726745,19.5317389,-0.9437334,-0.9437334,-0.2656124,5.4229884
-10.3553080,19.3697705,-1.0004695,-1.0004695,-0.2833096,5.2992298
-10.2473344,19.2014378,-1.0609424,-1.0609424,-0.3023141,5.1965979
-10.1497804,19.0269747,-1.1246113,-1.1246113,-0.3189298,5.1188525
-10.0636233,18.8468648,-1.1904206,-1.1904206,-0.3302995,5.0657196
-9.9894099,18.6612610,-1.2568000,-1.2568000,-0.3328081,5.0354262
-9.9275170,18.4706686,-1.3215060,-1.3215060,-0.3243181,5.0217928
-9.8782556,18.2771726,-1.3829319,-1.3829319,-0.3073329,5.0144530
-9.8409816,18.0811032,-1.4433656,-1.4433656,-0.2995045,5.0064086
-9.8156375,17.8832956,-1.5069874,-1.5069874,-0.3205260,4.9946881
-9.8028729,17.6835231,-1.5740784,-1.5740784,-0.3349413,4.9787117
-9.8035271,17.4841996,-1.6451716,-1.6451716,-0.3566761,4.9568625
-9.8183866,17.2847774,-1.7190674,-1.7190674,-0.3695269,4.9311067
-9.8479724,17.0867032,-1.7942278,-1.7942278,-0.3764865,4.9115945
-9.8923373,16.8914569,-1.8686263,-1.8686263,-0.3738284,4.9063020
-9.9509561,16.7004914,-1.9405775,-1.9405775,-0.3606856,4.9182819
-10.0232042,16.5140983,-2.0092879,-2.0092879,-0.3434768,4.9444108
-10.1081104,16.3330381,-2.0748652,-2.0748652,-0.3274216,4.9807180
-10.2047152,16.1579017,-2.1379992,-2.1379992,-0.3151704,5.0227436
-10.3121818,15.9892021,-2.1994016,-2.1994016,-0.3066002,5.0670565
-10.4297926,15.8274223,-2.2595673,-2.2595673,-0.3005558,5.1115289
-10.5569035,15.6730251,-2.3187531,-2.3187531,-0.2958023,5.1550049
-10.6928991,15.5264445,-2.3770235,-2.3770235,-0.2914811,5.1969156
-10.8371688,15.3880630,-2.4342517,-2.4342517,-0.2861707,5.2370104
-10.9890846,15.2581878,-2.4902628,-2.4902628,-0.2809156,5.2752029
-11.1481106,15.1369615,-2.5453505,-2.5453505,-0.2729323,5.3113317
-11.3133983,15.0247916,-2.6011344,-2.6011344,-0.2810929,5.3457432
-11.4845986,14.9220624,-2.6559391,-2.6559391,-0.2740143,5.3793210
-11.6613040,14.8287941,-2.7104077,-2.7104077,-0.2725526,5.4141652
-11.8429034,14.7452482,-2.7646503,-2.7646503,-0.2715184,5.4532390
-12.0288263,14.6716466,-2.8175910,-2.8175910,-0.2648315,5.4996314
-12.2184150,14.6079758,-2.8680593,-2.8680593,-0.2522940,5.5556540
-12.4109919,14.5539453,-2.9151895,-2.9151895,-0.2354669,5.6220683
-12.6059153,14.5090442,-2.9585618,-2.9585618,-0.2166102,5.6981221
-12.8026166,14.4726343,-2.9981049,-2.9981049,-0.1974608,5.7823164
-13.0006147,14.4440274,-3.0339168,-3.0339168,-0.1788465,5.8731529
-13.1995131,14.4225277,-3.0661529,-3.0661529,-0.1610171,5.9694568
-13.3989926,14.4074504,-3.0949767,-3.0949767,-0.1440183,6.0703803
-13.5988009,14.3981294,-3.1205670,-3.1205670,-0.1278819,6.1753036
-13.7987463,14.3939248,3.1400747,3.1400747,-0.1126783,6.2837458
-13.9986877,14.3942283,3.1203779,3.1203779,-0.0983190,6.3953115
-14.1986552,14.3984712,3.1032979,3.1032979,-0.0853568,6.5098599
-14.3985614,14.4061303,3.0887955,3.0887955,-0.0727944,6.6268525
-14.5983314,14.4166874,3.0770785,3.0770785,-0.0576631,6.7461610
-14.7978491,14.4295770,3.0669607,3.0669607,-0.0503718,6.8676149
-14.9971888,14.4444818,3.0575031,3.0575031,-0.0475879,6.9907182
-15.1964419,14.4612765,3.0489599,3.0489599,-0.0426120,7.1150201
-15.3955492,14.4797733,3.0413420,3.0413420,-0.0380806,7.2401696
-15.5945017,14.4997855,3.0344630,3.0344630,-0.0343558,7.3657238
-15.7933164,14.5211663,3.0281794,3.0281794,-0.0313849,7.4911831
-15.9919916,14.5437958,3.0223119,3.0223119,-0.0293018,7.6160135
-16.1905319,14.5675908,3.0166759,3.0166759,-0.0281412,7.7396398
-16.3889351,14.5925044,3.0110861,3.0110861,-0.0279171,7.8614511
-16.5871964,14.6185267,3.0053755,3.0053755,-0.0285316,7.9808321
-16.7853061,14.6456808,2.9994134,2.9994134,-0.0297998,8.0972011
-16.9832507,14.6740156,2.9931211,2.9931211,-0.0314638,8.2099915
-17.1810133,14.7035954,2.9864670,2.9864670,-0.0332928,8.3184700
-17.3785749,14.7344905,2.9794904,2.9794904,-0.0348610,8.4205259
-17.5759165,14.7667632,2.9721182,2.9721182,-0.0368287,8.4818095
-17.7730146,14.8004898,2.9641804,2.9641804,-0.0397211,8.4964933
-17.9698390,14.8357799,2.9557157,2.9557157,-0.0423932,8.4966801
-18.1663583,14.8727349,2.9469768,2.9469768,-0.0437618,8.4966797
-18.3625481,14.9114060,2.9382314,2.9382314,-0.0437830,8.4966869
-18.5583933,14.9517916,2.9296933,2.9296933,-0.0427335,8.4966975
-18.7538877,14.9938481,2.9215280,2.9215280,-0.0408598,8.4967094
-18.9490333,15.0374997,2.9138539,2.9138539,-0.0383886,8.4967213
-19.1438392,15.0826478,2.9067537,2.9067537,-0.0355178,8.4967322
-19.3383204,15.1291781,2.9002711,2.9002711,-0.0324184,8.4967418
-19.5324965,15.1769683,2.8944250,2.8944250,-0.0292329,8.4967497
-19.7263905,15.2258930,2.8892097,2.8892097,-0.0260748,8.4967559
-19.9200269,15.2758283,2.8846025,2.8846025,-0.0230292,8.4967604
-20.1134312,15.3266552,2.8805704,2.8805704,-0.0201549,8.4967634
-20.3066290,15.3782615,2.8770716,2.8770716,-0.0174886,8.4967650
-20.4996449,15.4305434,2.8740603,2.8740603,-0.0150470,8.4967654
-20.6925021,15.4834062,2.8714921,2.8714921,-0.0128340,8.4967647
-20.8852225,15.5367640,2.8693236,2.8693236,-0.0108341,8.4967630
-21.0778264,15.5905395,2.8675138,2.8675138,-0.0090447,8.4967606
-21.2703320,15.6446633,2.8660213,2.8660213,-0.0074294,8.4967574
-21.4627557,15.6990741,2.8647039,2.8647039,-0.0066055,8.4967536
-21.6551060,15.7537379,2.8636258,2.8636258,-0.0054207,8.4967495
-21.8473957,15.8086086,2.8629161,2.8629161,-0.0035267,8.4967455
-22.0396462,15.8636157,2.8624918,2.8624918,-0.0021187,8.4967418
-22.2318738,15.9187045,2.8623269,2.8623269,-0.0008302,8.4967386
-22.4240927,15.9738251,2.8624497,2.8624497,0.0006060,8.4967357
-22.6163187,16.0289222,2.8628940,2.8628940,0.0022156,8.4967333
-22.8085696,16.0839340,2.8637075,2.8637075,0.0040572,8.4967312
-23.0008656,16.1387895,2.8649455,2.8649455,0.0061768,8.4967296
-23.1932297,16.1934070,2.8666725,2.8666725,0.0086204,8.4967287
-23.3856882,16.2476923,2.8689602,2.8689602,0.0114278,8.4967287
-23.5782708,16.3015373,2.8718901,2.8718901,0.0146324,8.4967303
-23.7710106,16.3548179,2.8755448,2.8755448,0.0182586,8.4967340
-23.9639441,16.4073938,2.8800113,2.8800113,0.0223187,8.4967410
-24.1571107,16.4591075,2.8853761,2.8853761,0.0268100,8.4967525
-24.3505521,16.5097842,2.8917208,2.8917208,0.0317115,8.4967701
-24.5443113,16.5592326,2.8991188,2.8991188,0.0369801,8.4967952
-24.7384309,16.6072462,2.9076293,2.9076293,0.0425474,8.4968292
-24.9329520,16.6536060,2.9172922,2.9172922,0.0483179,8.4968719
-25.1279118,16.6980840,2.9281240,2.9281240,0.0541677,8.4969214
-25.3233417,16.7404476,2.9401087,2.9401087,0.0599473,8.4969721
-25.5192650,16.7804660,2.9531985,2.9531985,0.0654868,8.4970146
-25.7156951,16.8179164,2.9673087,2.9673087,0.0706036,8.4970358
-25.9126341,16.8525915,2.9823165,2.9823165,0.0751127,8.4970194
-26.1100714,16.8843072,2.9980645,2.9980645,0.0788356,8.4969452
-26.3079839,16.9129099,3.0143617,3.0143617,0.0816062,8.4967812
-26.5063369,16.9382836,3.0309888,3.0309888,0.0832753,8.4964608
-26.7050851,16.9603560,3.0476947,3.0476947,0.0837222,8.4958333
-26.9041753,16.9791053,3.0641699,3.0641699,0.0826663,8.4918957
-27.1035481,16.9945722,3.0802914,3.0802914,0.0798782,8.4554756
-27.3031451,17.0068231,3.0968339,3.0968339,0.0819325,8.3359438
-27.5029075,17.0157702,3.1145585,3.1145585,0.0887751,8.2155092
-27.7027946,17.0211753,3.1334919,3.1334919,0.0947256,8.0971153
-27.9027475,17.0227951,-3.1296384,-3.1296384,0.1003350,7.9804810
-28.1026917,17.0204048,-3.1085187,-3.1085187,0.1056120,7.8652486
-28.3025406,17.0137926,-3.0863488,-3.0863488,0.1108718,7.7513208
-28.5021910,17.0027519,-3.0631189,-3.0631189,0.1161168,7.6388901
-28.7015354,16.9870764,-3.0387514,-3.0387514,0.1219865,7.5283870
-28.9004263,16.9665498,-3.0134295,-3.0134295,0.1264871,7.4203652
-29.0987323,16.9409942,-2.9868572,-2.9868572,0.1327821,7.3154418
-29.2963354,16.9101716,-2.9584825,-2.9584825,0.1418082,7.2141377
-29.4930176,16.8737491,-2.9282051,-2.9282051,0.1513045,7.1167540
-29.6885070,16.8313892,-2.8961147,-2.8961147,0.1603469,7.0233861
-29.8825336,16.7827796,-2.8622099,-2.8622099,0.1694149,6.9339404
-30.0747963,16.7276221,-2.8265523,-2.8265523,0.1782062,6.8480902
-30.2649645,16.6656474,-2.7892735,-2.7892735,0.1863562,6.7651638
-30.4526874,16.5966294,-2.7506083,-2.7506083,0.1933467,6.6832906
-30.6376044,16.5204055,-2.7108437,-2.7108437,0.1988217,6.5984439
-30.8193551,16.4368860,-2.6701604,-2.6701604,0.2033565,6.5071137
-30.9975762,16.3460344,-2.6286820,-2.6286820,0.2073317,6.4086770
-31.1718947,16.2478606,-2.5866126,-2.5866126,0.2103018,6.3028567
-31.3419279,16.1424437,-2.5442887,-2.5442887,0.2116566,6.1893224
-31.5072932,16.0299645,-2.5021910,-2.5021910,0.2107276,6.0675981
-31.6676367,15.9107308,-2.4608975,-2.4608975,0.2069796,5.9370556
-31.8226904,15.7851665,-2.4208138,-2.4208138,0.2003627,5.7969761
-31.9730155,15.6531139,-2.3819457,-2.3819457,0.1939921,5.6454199
-32.1179945,15.5154158,-2.3424197,-2.3424197,0.1960082,5.4855609
-32.2572009,15.3723205,-2.2975883,-2.2975883,0.2257437,5.3436685
-32.3898598,15.2231242,-2.2471743,-2.2471743,0.2512880,5.2403432
-32.5148948,15.0673539,-2.1913812,-2.1913812,0.2797493,5.1689211
-32.6312276,14.9046034,-2.1315084,-2.1315084,0.2996579,5.1188574
-32.7377172,14.7350183,-2.0690333,-2.0690333,0.3129178,5.0841297
-32.8332103,14.5594845,-2.0049533,-2.0049533,0.3209976,5.0617389
-32.9172609,14.3782089,-1.9398291,-1.9398291,0.3258756,5.0478130
-32.9893721,14.1917550,-1.8740626,-1.8740626,0.3288226,5.0399427
-33.0490890,14.0009166,-1.8079256,-1.8079256,0.3305713,5.0363955
-33.0960678,13.8065292,-1.7415666,-1.7415666,0.3316603,5.0356820
-33.1300539,13.6094511,-1.6750516,-1.6750516,0.3324526,5.0365583
-33.1508652,13.4105561,-1.6083781,-1.6083781,0.3333224,5.0380439
-33.1583788,13.2107237,-1.5415187,-1.5415187,0.3341921,5.0394063
-33.1525253,13.0108500,-1.4743855,-1.4743855,0.3358449,5.0401029
-33.1332768,12.8118182,-1.4068877,-1.4068877,0.3367118,5.0397116
-33.1006514,12.6145577,-1.3383929,-1.3383929,0.3432873,5.0378719
-33.0546064,12.4200123,-1.2699435,-1.2699435,0.3431676,5.0342411
-32.9953578,12.2290547,-1.2025460,-1.2025460,0.3365374,5.0284750
-32.9233805,12.0425133,-1.1355041,-1.1355041,0.3355740,5.0201964
-32.8390689,11.8612144,-1.0684602,-1.0684602,0.3353859,5.0089756
-32.7427974,11.6859649,-1.0011625,-1.0011625,0.3367341,4.9943336
-32.6349529,11.5175768,-0.9333507,-0.9333507,0.3390658,4.9757355
-32.5159414,11.3568766,-0.8646036,-0.8646036,0.3437662,4.9530230
-32.3861720,11.2047312,-0.7945439,-0.7945439,0.3507947,4.9331538
-32.2460809,11.0620539,-0.7233478,-0.7233478,0.3569275,4.9226692
-32.0962273,10.9297319,-0.6517396,-0.6517396,0.3593692,4.9242021
-31.9373681,10.8085298,-0.5805455,-0.5805455,0.3571230,4.9388576
-31.7699476,10.6987106,-0.5104587,-0.5104587,0.3504083,4.9663826
-31.5951210,10.6008145,-0.4420698,-0.4420698,0.3416002,5.0029199
-31.4140705,10.5151212,-0.3763032,-0.3763032,0.3293158,5.0449769
-31.2283151,10.4417232,-0.3151034,-0.3151034,0.3082192,5.0898744
-31.0385956,10.3798815,-0.2619268,-0.2619268,0.2675134,5.1358670
-30.8452657,10.3280525,-0.2212751,-0.2212751,0.1970606,5.1816948
-30.6514999,10.2844632,-0.1802948,-0.1802948,0.2037065,5.2266302
-30.4546776,10.2485876,-0.1288951,-0.1288951,0.2547070,5.2690329
-30.2574152,10.2230197,-0.0698908,-0.0698908,0.2971646,5.3073181
-30.0581962,10.2090734,-0.0063835,-0.0063835,0.3182275,5.3423267
-29.8579484,10.2077951,0.0572171,0.0572171,0.3174134,5.3760919
-29.6579960,10.2192483,0.1180788,0.1180788,0.3035120,5.4135995
-29.4591570,10.2428367,0.1739752,0.1739752,0.2787336,5.4614719
-29.2619825,10.2774905,0.2230678,0.2230678,0.2448256,5.5253925
-29.0667667,10.3217738,0.2643090,0.2643090,0.2057142,5.6075026
-28.8735619,10.3740629,0.2976967,0.2976967,0.1665258,5.7063615
-28.6822472,10.4327610,0.3238838,0.3238838,0.1305897,5.8189843
-28.4926017,10.4964260,0.3436387,0.3436387,0.0984445,5.9427009
-28.3043429,10.5637918,0.3576655,0.3576655,0.0696612,6.0755888
-28.1170490,10.6337910,0.3666346,0.3666346,0.0441258,6.2163638
-27.9302356,10.7055267,0.3712846,0.3712846,0.0226188,6.3635193
-27.7437488,10.7781338,0.3722872,0.3722872,0.0051651,6.5152905
-27.5573749,10.8509122,0.3698069,0.3698069,-0.0138676,6.6705550
-27.3709999,10.9231588,0.3660390,0.3660390,-0.0207199,6.8283417
-27.1844488,10.9946663,0.3637747,0.3637747,-0.0093013,6.9871912
-26.9976906,11.0657686,0.3617343,0.3617343,-0.0100473,7.1423013
-26.8106743,11.1365326,0.3588179,0.3588179,-0.0137728,7.2908338
-26.6234164,11.2067644,0.3540731,0.3540731,-0.0233537,7.4297419
-26.4358796,11.2760876,0.3467332,0.3467332,-0.0365287,7.5562408
-26.2478641,11.3440234,0.3363731,0.3363731,-0.0518292,7.6678834
-26.0591572,11.4100069,0.3229829,0.3229829,-0.0670951,7.7635170
-25.8695689,11.4734627,0.3068965,0.3068965,-0.0806333,7.8436674
-25.6789618,11.5338678,0.2886297,0.2886297,-0.0915410,7.9102961
-25.4872597,11.5907882,0.2687255,0.2687255,-0.0997123,7.9661573
-25.2944434,11.6438872,0.2476402,0.2476402,-0.1055869,8.0141113
-25.1005378,11.6929123,0.2257278,0.2257278,-0.1097107,8.0566497
-24.9055995,11.7376782,0.2032602,0.2032602,-0.1124952,8.0957548
-24.7097745,11.7780390,0.1804421,0.1804421,-0.1142325,8.1328545
-24.5130841,11.8139205,0.1574150,0.1574150,-0.1152329,8.1689883
-24.3156082,11.8452655,0.1342760,0.1342760,-0.1157562,8.2046197
-24.1174505,11.8720344,0.1110757,0.1110757,-0.1160347,8.2398034
-23.9187178,11.8942000,0.0878258,0.0878258,-0.1162618,8.2742830
-23.7195180,11.9117400,0.0645141,0.0645141,-0.1165670,8.3075978
-23.5199599,11.9246322,0.0411144,0.0411144,-0.1170018,8.3391999
-23.3201525,11.9328518,0.0176079,0.0176079,-0.1175446,8.3685615
-23.1202064,11.9363728,-0.0060122,-0.0060122,-0.1181220,8.3952552
-22.9202330,11.9351705,-0.0297330,-0.0297330,-0.1186359,8.4189980
-22.7203456,11.9292255,-0.0535204,-0.0535204,-0.1189874,8.4396609
-22.5206577,11.9185279,-0.0773277,-0.0773277,-0.1190913,8.4572442
-22.3212830,11.9030799,-0.1010895,-0.1010895,-0.1188789,8.4718098
-22.1223335,11.8828994,-0.1247334,-0.1247334,-0.1182974,8.4833318
-21.9239187,11.8580213,-0.1481771,-0.1481771,-0.1172976,8.4914047
-21.7261431,11.8284991,-0.1713501,-0.1713501,-0.1159366,8.4952605
-21.5291059,11.7944024,-0.1941704,-0.1941704,-0.1142262,8.4961385
-21.3328990,11.7558187,-0.2164982,-0.2164982,-0.1118373,8.4962684
-21.1376028,11.7128642,-0.2380903,-0.2380903,-0.1082552,8.4963363
-20.9432796,11.6657032,-0.2585888,-0.2585888,-0.1028926,8.4964399
-20.7499633,11.6145689,-0.2774923,-0.2774923,-0.0951129,8.4965478
-20.5576477,11.5597895,-0.2941362,-0.2941362,-0.0837517,8.4966345
-20.3662690,11.5018165,-0.3079964,-0.3079964,-0.0690937,8.4966952
-20.1757112,11.4411963,-0.3190755,-0.3190755,-0.0555051,8.4967389
-19.9858362,11.3784685,-0.3273925,-0.3273925,-0.0412790,8.4967578
-19.7964889,11.3141635,-0.3332709,-0.3332709,-0.0290068,8.4967547
-19.6075227,11.2487465,-0.3371733,-0.3371733,-0.0191759,8.4967513
-19.4188130,11.1825925,-0.3395327,-0.3395327,-0.0115278,8.4967461
-19.2302598,11.1159934,-0.3407066,-0.3407066,-0.0056635,8.4967408
-19.0417849,11.0491730,-0.3409759,-0.3409759,-0.0011872,8.4967363
-18.8533279,10.9823018,-0.3405579,-0.3405579,0.0022095,8.4967325
-18.6648430,10.9155094,-0.3396244,-0.3396244,0.0047601,8.4967295
-18.4762959,10.8488930,-0.3383126,-0.3383126,0.0066371,8.4967272
-18.2876616,10.7825240,-0.3367301,-0.3367301,0.0079713,8.4967254
-18.0989225,10.7164536,-0.3349670,-0.3349670,0.0088642,8.4967242
-17.9100673,10.6507161,-0.3330952,-0.3330952,0.0093974,8.4967232
-17.7210893,10.5853322,-0.3311735,-0.3311735,0.0096384,8.4967226
-17.5319861,10.5203116,-0.3292494,-0.3292494,0.0096441,8.4967222
-17.3427582,10.4556550,-0.3273605,-0.3273605,0.0094633,8.4967219
-17.1534084,10.3913559,-0.3255356,-0.3255356,0.0091379,8.4967218
-16.9639417,10.3274025,-0.3237969,-0.3237969,0.0087039,8.4967217
-16.7743640,10.2637786,-0.3221597,-0.3221597,0.0081924,8.4967216
-16.5846825,10.2004652,-0.3206343,-0.3206343,0.0076296,8.4967215
-16.3949046,10.1374412,-0.3192275,-0.3192275,0.0070375,8.4967215
-16.2050381,10.0746842,-0.3179407,-0.3179407,0.0064343,8.4967215
-16.0150911,10.0121716,-0.3167733,-0.3167733,0.0058350,8.4967214
-15.8250713,9.9498808,-0.3157229,-0.3157229,0.0052511,8.4967213
-15.6349861,9.8877896,-0.3147845,-0.3147845,0.0046917,8.4967213
-15.4448427,9.8258768,-0.3139505,-0.3139505,0.0041635,8.4967212
-15.2546477,9.7641226,-0.3132161,-0.3132161,0.0036710,8.4967211
-15.0644074,9.7025081,-0.3125722,-0.3125722,0.0032173,8.4967211
-14.8741275,9.6410161,-0.3120105,-0.3120105,0.0028038,8.4967210
-14.6838131,9.5796310,-0.3115239,-0.3115239,0.0024310,8.4967209
-14.4934688,9.5183385,-0.3111037,-0.3111037,0.0020980,8.4967208
-14.3030988,9.4571260,-0.3107422,-0.3107422,0.0018037,8.4967207
-14.1127066,9.3959823,-0.3104328,-0.3104328,0.0015462,8.4967207
-13.9222955,9.3348975,-0.3101678,-0.3101678,0.0013230,8.4967206
-13.7318683,9.2738632,-0.3099408,-0.3099408,0.0011318,8.4967206
-13.5414272,9.2128721,-0.3097465,-0.3097465,0.0009696,8.4967205
-13.3509742,9.1519180,-0.3095801,-0.3095801,0.0008338,8.4967204
-13.1605111,9.0909956,-0.3094346,-0.3094346,0.0007215,8.4967204
-12.9700391,9.0301009,-0.3093092,-0.3093092,0.0006299,8.4967204
-12.7795595,8.9692301,-0.3091972,-0.3091972,0.0005566,8.4967203
-12.5890730,8.9083806,-0.3090976,-0.3090976,0.0004989,8.4967203
-12.3985805,8.8475501,-0.3090068,-0.3090068,0.0004546,8.4967202
-12.2080825,8.7867369,-0.3089217,-0.3089217,0.0004215,8.4967202
-12.0175793,8.7259399,-0.3088425,-0.3088425,0.0003977,8.4967202
-11.8270713,8.6651580,-0.3087663,-0.3087663,0.0003814,8.4967201
-11.6365586,8.6043906,-0.3086918,-0.3086918,0.0003712,8.4967201
-11.4460414,8.5436374,-0.3086189,-0.3086189,0.0003655,8.4967201
-11.2555198,8.4828981,-0.3085464,-0.3085464,0.0003633,8.4967200
-11.0649938,8.4221726,-0.3084734,-0.3084734,0.0003636,8.4967200
-10.8744633,8.3614610,-0.3084000,-0.3084000,0.0003654,8.4967200
-10.6839284,8.3007634,-0.3083271,-0.3083271,0.0003681,8.4967200
-10.4933891,8.2400797,-0.3082524,-0.3082524,0.0003712,8.4967199
-10.3028452,8.1794102,-0.3081775,-0.3081775,0.0003740,8.4967199
-10.1122968,8.1187550,-0.3081023,-0.3081023,0.0003764,8.4967199
-9.9217438,8.0581141,-0.3080267,-0.3080267,0.0003779,8.4967199
-9.7311862,7.9974876,-0.3079513,-0.3079513,0.0003785,8.4967199
-9.5406241,7.9368755,-0.3078757,-0.3078757,0.0003780,8.4967198
-9.3500574,7.8762778,-0.3078006,-0.3078006,0.0003764,8.4967198
-9.1594861,7.8156944,-0.3077256,-0.3077256,0.0003735,8.4967198
-8.9689103,7.7551253,-0.3076516,-0.3076516,0.0003695,8.4967198
-8.7783300,7.6945703,-0.3075787,-0.3075787,0.0003644,8.4967198
-8.5877453,7.6340292,-0.3075074,-0.3075074,0.0003582,8.4967198
-8.3971563,7.5735017,-0.3074375,-0.3074375,0.0003511,8.4967197
-8.2065630,7.5129875,-0.3073682,-0.3073682,0.0003430,8.4967197
-8.0159655,7.4524865,-0.3073018,-0.3073018,0.0003341,8.4967197
-7.8253641,7.3919982,-0.3072366,-0.3072366,0.0003245,8.4967197
-7.6347587,7.3315223,-0.3071741,-0.3071741,0.0003142,8.4967197
-7.4441495,7.2710583,-0.3071132,-0.3071132,0.0003034,8.4967197
-7.2535366,7.2106059,-0.3070550,-0.3070550,0.0002920,8.4967197
-7.0629202,7.1501646,-0.3069989,-0.3069989,0.0002803,8.4967197
-6.8723004,7.0897340,-0.3069450,-0.3069450,0.0002682,8.4967197
-6.6816774,7.0293137,-0.3068945,-0.3068945,0.0002557,8.4967197
-6.4910513,6.9689030,-0.3068453,-0.3068453,0.0002431,8.4967197
-6.3004223,6.9085017,-0.3067996,-0.3067996,0.0002302,8.4967197
-6.1097905,6.8481091,-0.3067560,-0.3067560,0.0002172,8.4967197
-5.9191560,6.7877248,-0.3067152,-0.3067152,0.0002040,8.4967197
-5.7285191,6.7273483,-0.3066769,-0.3066769,0.0001908,8.4967197
-5.5378799,6.6669791,-0.3066418,-0.3066418,0.0001776,8.4967197
-5.3472386,6.6066166,-0.3066087,-0.3066087,0.0001643,8.4967197
-5.1565953,6.5462604,-0.3065787,-0.3065787,0.0001510,8.4967197
-4.9659501,6.4859099,-0.3065510,-0.3065510,0.0001378,8.4967197
-4.7753033,6.4255647,-0.3065259,-0.3065259,0.0001246,8.4967197
-4.5846550,6.3652243,-0.3065039,-0.3065039,0.0001115,8.4967197
-4.3940054,6.3048881,-0.3064838,-0.3064838,0.0000984,8.4967197
-4.2033545,6.2445557,-0.3064672,-0.3064672,0.0000854,8.4967197
-4.0127027,6.1842265,-0.3064523,-0.3064523,0.0000725,8.4967197
-3.8220499,6.1239001,-0.3064409,-0.3064409,0.0000597,8.4967197
-3.6313965,6.0635759,-0.3064310,-0.3064310,0.0000469,8.4967197
-3.4407425,6.0032536,-0.3064242,-0.3064242,0.0000341,8.4967198
-3.2500881,5.9429326,-0.3064204,-0.3064204,0.0000214,8.4967198
-3.0594334,5.8826123,-0.3064183,-0.3064183,0.0000087,8.4967198
-2.8687786,5.8222924,-0.3064189,-0.3064189,-0.0000039,8.4967198
-2.6781239,5.7619724,-0.3064224,-0.3064224,-0.0000165,8.4967198
-2.4874693,5.7016517,-0.3064284,-0.3064284,-0.0000291,8.4967199
-2.2968152,5.6413299,-0.3064367,-0.3064367,-0.0000417,8.4967199
-2.1061615,5.5810065,-0.3064472,-0.3064472,-0.0000543,8.4967199
-1.9155085,5.5206811,-0.3064608,-0.3064608,-0.0000669,8.4967199
-1.7248563,5.4603531,-0.3064767,-0.3064767,-0.0000795,8.4967200
-1.5342051,5.4000221,-0.3064953,-0.3064953,-0.0000922,8.4967200
-1.3435549,5.3396875,-0.3065160,-0.3065160,-0.0001048,8.4967200
-1.1529061,5.2793490,-0.3065396,-0.3065396,-0.0001175,8.4967200
-0.9622587,5.2190060,-0.3065657,-0.3065657,-0.0001302,8.4967201
-0.7716128,5.1586580,-0.3065942,-0.3065942,-0.0001428,8.4967201
-0.5809687,5.0983046,-0.3066255,-0.3066255,-0.0001555,8.4967201
-0.3903264,5.0379452,-0.3066587,-0.3066587,-0.0001682,8.4967202
-0.1996862,4.9775795,-0.3066952,-0.3066952,-0.0001808,8.4967202
-0.0090481,4.9172068,-0.3067337,-0.3067337,-0.0001935,8.4967203
0.1815876,4.8568268,-0.3067751,-0.3067751,-0.0002061,8.4967203
0.3722208,4.7964389,-0.3068187,-0.3068187,-0.0002187,8.4967203
0.5628513,4.7360427,-0.3068648,-0.3068648,-0.0002313,8.4967204
0.7534791,4.6756377,-0.3069141,-0.3069141,-0.0002440,8.4967204
0.9441039,4.6152233,-0.3069650,-0.3069650,-0.0002566,8.4967205
1.1347256,4.5547992,-0.3070190,-0.3070190,-0.0002693,8.4967205
1.3253441,4.4943648,-0.3070753,-0.3070753,-0.0002820,8.4967206
1.5159591,4.4339197,-0.3071344,-0.3071344,-0.0002948,8.4967207
1.7065706,4.3734633,-0.3071958,-0.3071958,-0.0003076,8.4967207
1.8971784,4.3129952,-0.3072598,-0.3072598,-0.0003206,8.4967208
2.0877823,4.2525149,-0.3073266,-0.3073266,-0.0003337,8.4967208
2.2783821,4.1920219,-0.3073957,-0.3073957,-0.0003470,8.4967209
2.4689778,4.1315157,-0.3074681,-0.3074681,-0.0003606,8.4967210
2.6595691,4.0709957,-0.3075433,-0.3075433,-0.0003745,8.4967210
2.8501558,4.0104614,-0.3076208,-0.3076208,-0.0003888,8.4967211
3.0407379,3.9499123,-0.3077017,-0.3077017,-0.0004037,8.4967212
3.2313150,3.8893478,-0.3077856,-0.3077856,-0.0004193,8.4967213
3.4218871,3.8287673,-0.3078722,-0.3078722,-0.0004357,8.4967213
3.6124539,3.7681703,-0.3079635,-0.3079635,-0.0004530,8.4967214
3.8030152,3.7075559,-0.3080574,-0.3080574,-0.0004715,8.4967215
3.9935708,3.6469236,-0.3081561,-0.3081561,-0.0004914,8.4967216
4.1841204,3.5862725,-0.3082584,-0.3082584,-0.0005129,8.4967217
4.3746638,3.5256019,-0.3083655,-0.3083655,-0.0005363,8.4967218
4.5652007,3.4649109,-0.3084783,-0.3084783,-0.0005618,8.4967219
4.7557308,3.4041984,-0.3085964,-0.3085964,-0.0005899,8.4967220
4.9462537,3.3434634,-0.3087202,-0.3087202,-0.0006207,8.4967221
5.1367691,3.2827048,-0.3088515,-0.3088515,-0.0006545,8.4967222
5.3272765,3.2219212,-0.3089902,-0.3089902,-0.0006919,8.4967223
5.5177754,3.1611112,-0.3091365,-0.3091365,-0.0007330,8.4967224
5.7082655,3.1002733,-0.3092924,-0.3092924,-0.0007782,8.4967226
5.8987461,3.0394057,-0.3094578,-0.3094578,-0.0008278,8.4967227
6.0892166,2.9785066,-0.3096348,-0.3096348,-0.0008822,8.4967228
6.2796763,2.9175738,-0.3098232,-0.3098232,-0.0009417,8.4967229
6.4701246,2.8566051,-0.3100243,-0.3100243,-0.0010064,8.4967231
6.6605606,2.7955981,-0.3102402,-0.3102402,-0.0010764,8.4967232
6.8509834,2.7345500,-0.3104706,-0.3104706,-0.0011520,8.4967234
7.0413922,2.6734580,-0.3107170,-0.3107170,-0.0012323,8.4967235
7.2317859,2.6123191,-0.3109802,-0.3109802,-0.0013205,8.4967230
7.4221635,2.5511301,-0.3112486,-0.3112486,-0.0013686,8.4966646
7.6125247,2.4898900,0.0000000,0.0000000,-0.0012683,8.4936970
